[
{
  "model": "admin.logentry",
  "pk": 1,
  "fields": {
    "action_time": "2025-07-02T00:56:14.205Z",
    "user": 1,
    "content_type": 7,
    "object_id": "1",
    "object_repr": "Whey",
    "action_flag": 1,
    "change_message": "[{\"added\": {}}]"
  }
},
{
  "model": "admin.logentry",
  "pk": 2,
  "fields": {
    "action_time": "2025-07-06T22:02:24.077Z",
    "user": 1,
    "content_type": 7,
    "object_id": "1",
    "object_repr": "Whey",
    "action_flag": 3,
    "change_message": ""
  }
},
{
  "model": "admin.logentry",
  "pk": 3,
  "fields": {
    "action_time": "2025-07-06T22:20:08.207Z",
    "user": 1,
    "content_type": 7,
    "object_id": "1",
    "object_repr": "Whey Concentrado 900g",
    "action_flag": 1,
    "change_message": "[{\"added\": {}}]"
  }
},
{
  "model": "admin.logentry",
  "pk": 4,
  "fields": {
    "action_time": "2025-07-06T22:21:10.645Z",
    "user": 1,
    "content_type": 7,
    "object_id": "2",
    "object_repr": "Creatina 300g",
    "action_flag": 1,
    "change_message": "[{\"added\": {}}]"
  }
},
{
  "model": "admin.logentry",
  "pk": 5,
  "fields": {
    "action_time": "2025-07-06T22:21:48.913Z",
    "user": 1,
    "content_type": 7,
    "object_id": "3",
    "object_repr": "Glutamina 200g",
    "action_flag": 1,
    "change_message": "[{\"added\": {}}]"
  }
},
{
  "model": "admin.logentry",
  "pk": 6,
  "fields": {
    "action_time": "2025-07-06T22:22:25.142Z",
    "user": 1,
    "content_type": 7,
    "object_id": "4",
    "object_repr": "BCAA 345g",
    "action_flag": 1,
    "change_message": "[{\"added\": {}}]"
  }
},
{
  "model": "admin.logentry",
  "pk": 7,
  "fields": {
    "action_time": "2025-07-06T22:22:53.319Z",
    "user": 1,
    "content_type": 7,
    "object_id": "5",
    "object_repr": "Cafeína 200mg",
    "action_flag": 1,
    "change_message": "[{\"added\": {}}]"
  }
},
{
  "model": "admin.logentry",
  "pk": 8,
  "fields": {
    "action_time": "2025-07-06T22:23:19.237Z",
    "user": 1,
    "content_type": 7,
    "object_id": "6",
    "object_repr": "Beta Alanina 150g",
    "action_flag": 1,
    "change_message": "[{\"added\": {}}]"
  }
},
{
  "model": "admin.logentry",
  "pk": 9,
  "fields": {
    "action_time": "2025-07-06T22:23:25.692Z",
    "user": 1,
    "content_type": 7,
    "object_id": "5",
    "object_repr": "Cafeína 200mg",
    "action_flag": 2,
    "change_message": "[{\"changed\": {\"fields\": [\"Imagem\"]}}]"
  }
},
{
  "model": "admin.logentry",
  "pk": 10,
  "fields": {
    "action_time": "2025-07-06T22:47:01.467Z",
    "user": 1,
    "content_type": 7,
    "object_id": "4",
    "object_repr": "BCAA 345g",
    "action_flag": 2,
    "change_message": "[{\"changed\": {\"fields\": [\"Imagem\"]}}]"
  }
},
{
  "model": "admin.logentry",
  "pk": 11,
  "fields": {
    "action_time": "2025-07-11T02:43:17.813Z",
    "user": 1,
    "content_type": 7,
    "object_id": "6",
    "object_repr": "Beta Alanina 150g",
    "action_flag": 3,
    "change_message": ""
  }
},
{
  "model": "admin.logentry",
  "pk": 12,
  "fields": {
    "action_time": "2025-07-15T01:27:58.481Z",
    "user": 1,
    "content_type": 7,
    "object_id": "7",
    "object_repr": "Camiseta Branca",
    "action_flag": 1,
    "change_message": "[{\"added\": {}}]"
  }
},
{
  "model": "admin.logentry",
  "pk": 13,
  "fields": {
    "action_time": "2025-07-15T01:29:27.050Z",
    "user": 1,
    "content_type": 7,
    "object_id": "8",
    "object_repr": "Camiseta Preta",
    "action_flag": 1,
    "change_message": "[{\"added\": {}}]"
  }
},
{
  "model": "admin.logentry",
  "pk": 14,
  "fields": {
    "action_time": "2025-07-15T01:30:25.890Z",
    "user": 1,
    "content_type": 7,
    "object_id": "9",
    "object_repr": "Bermuda branca",
    "action_flag": 1,
    "change_message": "[{\"added\": {}}]"
  }
},
{
  "model": "admin.logentry",
  "pk": 15,
  "fields": {
    "action_time": "2025-07-15T01:31:13.587Z",
    "user": 1,
    "content_type": 7,
    "object_id": "10",
    "object_repr": "Bermuda preta",
    "action_flag": 1,
    "change_message": "[{\"added\": {}}]"
  }
},
{
  "model": "admin.logentry",
  "pk": 16,
  "fields": {
    "action_time": "2025-07-15T01:32:47.246Z",
    "user": 1,
    "content_type": 7,
    "object_id": "11",
    "object_repr": "Casaco branco",
    "action_flag": 1,
    "change_message": "[{\"added\": {}}]"
  }
},
{
  "model": "admin.logentry",
  "pk": 17,
  "fields": {
    "action_time": "2025-07-15T01:33:21.565Z",
    "user": 1,
    "content_type": 7,
    "object_id": "12",
    "object_repr": "Boné branco",
    "action_flag": 1,
    "change_message": "[{\"added\": {}}]"
  }
},
{
  "model": "admin.logentry",
  "pk": 18,
  "fields": {
    "action_time": "2025-07-15T01:34:06.594Z",
    "user": 1,
    "content_type": 7,
    "object_id": "13",
    "object_repr": "Boné PowerUP - Preto",
    "action_flag": 1,
    "change_message": "[{\"added\": {}}]"
  }
},
{
  "model": "admin.logentry",
  "pk": 19,
  "fields": {
    "action_time": "2025-07-15T01:35:04.665Z",
    "user": 1,
    "content_type": 7,
    "object_id": "14",
    "object_repr": "Garrafa 500ml branca",
    "action_flag": 1,
    "change_message": "[{\"added\": {}}]"
  }
},
{
  "model": "admin.logentry",
  "pk": 20,
  "fields": {
    "action_time": "2025-07-15T01:35:19.082Z",
    "user": 1,
    "content_type": 7,
    "object_id": "11",
    "object_repr": "Casaco branco",
    "action_flag": 2,
    "change_message": "[{\"changed\": {\"fields\": [\"Imagem\"]}}]"
  }
},
{
  "model": "admin.logentry",
  "pk": 21,
  "fields": {
    "action_time": "2025-07-15T01:35:50.221Z",
    "user": 1,
    "content_type": 7,
    "object_id": "13",
    "object_repr": "Boné preto",
    "action_flag": 2,
    "change_message": "[{\"changed\": {\"fields\": [\"Nome\"]}}]"
  }
},
{
  "model": "admin.logentry",
  "pk": 22,
  "fields": {
    "action_time": "2025-07-15T01:36:30.249Z",
    "user": 1,
    "content_type": 7,
    "object_id": "15",
    "object_repr": "Garrafa 500ml preta",
    "action_flag": 1,
    "change_message": "[{\"added\": {}}]"
  }
},
{
  "model": "admin.logentry",
  "pk": 23,
  "fields": {
    "action_time": "2025-07-15T01:37:10.456Z",
    "user": 1,
    "content_type": 7,
    "object_id": "16",
    "object_repr": "Strap",
    "action_flag": 1,
    "change_message": "[{\"added\": {}}]"
  }
},
{
  "model": "admin.logentry",
  "pk": 24,
  "fields": {
    "action_time": "2025-07-15T01:37:49.928Z",
    "user": 1,
    "content_type": 7,
    "object_id": "17",
    "object_repr": "Bolsa Esportiva",
    "action_flag": 1,
    "change_message": "[{\"added\": {}}]"
  }
},
{
  "model": "admin.logentry",
  "pk": 25,
  "fields": {
    "action_time": "2025-07-15T01:48:59.843Z",
    "user": 1,
    "content_type": 7,
    "object_id": "18",
    "object_repr": "Bebida Proteica 250ml",
    "action_flag": 1,
    "change_message": "[{\"added\": {}}]"
  }
},
{
  "model": "admin.logentry",
  "pk": 26,
  "fields": {
    "action_time": "2025-07-15T01:50:18.511Z",
    "user": 1,
    "content_type": 7,
    "object_id": "19",
    "object_repr": "Barra de Proteína - Tradicional",
    "action_flag": 1,
    "change_message": "[{\"added\": {}}]"
  }
},
{
  "model": "admin.logentry",
  "pk": 27,
  "fields": {
    "action_time": "2025-07-15T01:50:52.340Z",
    "user": 1,
    "content_type": 7,
    "object_id": "20",
    "object_repr": "Barra de Proteína - Morango",
    "action_flag": 1,
    "change_message": "[{\"added\": {}}]"
  }
},
{
  "model": "admin.logentry",
  "pk": 28,
  "fields": {
    "action_time": "2025-07-15T01:51:07.178Z",
    "user": 1,
    "content_type": 7,
    "object_id": "20",
    "object_repr": "Barra de Proteína - Morango",
    "action_flag": 2,
    "change_message": "[{\"changed\": {\"fields\": [\"Imagem\"]}}]"
  }
},
{
  "model": "admin.logentry",
  "pk": 29,
  "fields": {
    "action_time": "2025-07-15T01:51:48.728Z",
    "user": 1,
    "content_type": 7,
    "object_id": "21",
    "object_repr": "Barra de Proteína - Chocolate",
    "action_flag": 1,
    "change_message": "[{\"added\": {}}]"
  }
},
{
  "model": "admin.logentry",
  "pk": 30,
  "fields": {
    "action_time": "2025-07-15T01:52:17.874Z",
    "user": 1,
    "content_type": 7,
    "object_id": "22",
    "object_repr": "Barra de Proteína - Pistache",
    "action_flag": 1,
    "change_message": "[{\"added\": {}}]"
  }
},
{
  "model": "admin.logentry",
  "pk": 31,
  "fields": {
    "action_time": "2025-07-15T01:53:26.808Z",
    "user": 1,
    "content_type": 7,
    "object_id": "23",
    "object_repr": "Barra de Proteína - Frutas Vermelhas",
    "action_flag": 1,
    "change_message": "[{\"added\": {}}]"
  }
},
{
  "model": "admin.logentry",
  "pk": 32,
  "fields": {
    "action_time": "2025-07-15T01:54:02.144Z",
    "user": 1,
    "content_type": 7,
    "object_id": "24",
    "object_repr": "Snack Protein - Requeijão",
    "action_flag": 1,
    "change_message": "[{\"added\": {}}]"
  }
},
{
  "model": "admin.logentry",
  "pk": 33,
  "fields": {
    "action_time": "2025-07-15T01:54:31.519Z",
    "user": 1,
    "content_type": 7,
    "object_id": "25",
    "object_repr": "Snack Protein - Queijo",
    "action_flag": 1,
    "change_message": "[{\"added\": {}}]"
  }
},
{
  "model": "admin.logentry",
  "pk": 34,
  "fields": {
    "action_time": "2025-07-15T01:54:54.297Z",
    "user": 1,
    "content_type": 7,
    "object_id": "26",
    "object_repr": "Snack Protein - Cebola",
    "action_flag": 1,
    "change_message": "[{\"added\": {}}]"
  }
},
{
  "model": "admin.logentry",
  "pk": 35,
  "fields": {
    "action_time": "2025-07-25T20:42:32.181Z",
    "user": 1,
    "content_type": 4,
    "object_id": "2",
    "object_repr": "teste",
    "action_flag": 1,
    "change_message": "[{\"added\": {}}]"
  }
},
{
  "model": "admin.logentry",
  "pk": 36,
  "fields": {
    "action_time": "2025-07-25T20:43:05.299Z",
    "user": 1,
    "content_type": 8,
    "object_id": "1",
    "object_repr": "Teste da Silva",
    "action_flag": 1,
    "change_message": "[{\"added\": {}}]"
  }
},
{
  "model": "admin.logentry",
  "pk": 37,
  "fields": {
    "action_time": "2025-07-29T01:17:43.589Z",
    "user": 1,
    "content_type": 8,
    "object_id": "2",
    "object_repr": "Lucas",
    "action_flag": 3,
    "change_message": ""
  }
},
{
  "model": "admin.logentry",
  "pk": 38,
  "fields": {
    "action_time": "2025-07-29T01:28:30.696Z",
    "user": 1,
    "content_type": 4,
    "object_id": "4",
    "object_repr": "teste@gmail.com",
    "action_flag": 3,
    "change_message": ""
  }
},
{
  "model": "admin.logentry",
  "pk": 39,
  "fields": {
    "action_time": "2025-07-29T01:33:20.501Z",
    "user": 1,
    "content_type": 8,
    "object_id": "4",
    "object_repr": "teste",
    "action_flag": 3,
    "change_message": ""
  }
},
{
  "model": "admin.logentry",
  "pk": 40,
  "fields": {
    "action_time": "2025-07-29T01:35:51.915Z",
    "user": 1,
    "content_type": 4,
    "object_id": "3",
    "object_repr": "lucasbps2006@gmail.com",
    "action_flag": 3,
    "change_message": ""
  }
},
{
  "model": "admin.logentry",
  "pk": 41,
  "fields": {
    "action_time": "2025-07-29T01:37:52.502Z",
    "user": 1,
    "content_type": 8,
    "object_id": "1",
    "object_repr": "Teste da Silva",
    "action_flag": 3,
    "change_message": ""
  }
},
{
  "model": "admin.logentry",
  "pk": 42,
  "fields": {
    "action_time": "2025-07-29T02:14:49.280Z",
    "user": 1,
    "content_type": 8,
    "object_id": "6",
    "object_repr": "teste",
    "action_flag": 3,
    "change_message": ""
  }
},
{
  "model": "admin.logentry",
  "pk": 43,
  "fields": {
    "action_time": "2025-08-07T02:49:13.741Z",
    "user": 1,
    "content_type": 8,
    "object_id": "7",
    "object_repr": "teste",
    "action_flag": 3,
    "change_message": ""
  }
},
{
  "model": "admin.logentry",
  "pk": 44,
  "fields": {
    "action_time": "2025-08-07T02:49:13.741Z",
    "user": 1,
    "content_type": 8,
    "object_id": "5",
    "object_repr": "Lucas",
    "action_flag": 3,
    "change_message": ""
  }
},
{
  "model": "admin.logentry",
  "pk": 45,
  "fields": {
    "action_time": "2025-08-07T02:54:27.629Z",
    "user": 1,
    "content_type": 8,
    "object_id": "8",
    "object_repr": "Lucas Brito",
    "action_flag": 3,
    "change_message": ""
  }
},
{
  "model": "admin.logentry",
  "pk": 46,
  "fields": {
    "action_time": "2025-09-10T18:04:14.705Z",
    "user": 1,
    "content_type": 10,
    "object_id": "1",
    "object_repr": "Avenida Xavier da Silveira, 1849 - Natal/RN",
    "action_flag": 3,
    "change_message": ""
  }
},
{
  "model": "admin.logentry",
  "pk": 47,
  "fields": {
    "action_time": "2025-09-10T18:28:28.816Z",
    "user": 1,
    "content_type": 10,
    "object_id": "3",
    "object_repr": "Avenida Senador Salgado Filho, 1999 - Natal/RN",
    "action_flag": 3,
    "change_message": ""
  }
},
{
  "model": "admin.logentry",
  "pk": 48,
  "fields": {
    "action_time": "2025-09-10T18:28:28.816Z",
    "user": 1,
    "content_type": 10,
    "object_id": "2",
    "object_repr": "Avenida Xavier da Silveira, 1849 - Natal/RN",
    "action_flag": 3,
    "change_message": ""
  }
},
{
  "model": "admin.logentry",
  "pk": 49,
  "fields": {
    "action_time": "2025-09-10T18:28:57.640Z",
    "user": 1,
    "content_type": 10,
    "object_id": "4",
    "object_repr": "Avenida Xavier da Silveira, 1849 - Natal/RN",
    "action_flag": 2,
    "change_message": "[{\"changed\": {\"fields\": [\"Apelido\", \"Destinatario\", \"Numero\", \"Complemento\"]}}]"
  }
},
{
  "model": "admin.logentry",
  "pk": 50,
  "fields": {
    "action_time": "2025-09-10T19:51:02.909Z",
    "user": 1,
    "content_type": 10,
    "object_id": "5",
    "object_repr": "Rua Francisco Pignataro, 1899 - Natal/RN",
    "action_flag": 3,
    "change_message": ""
  }
},
{
  "model": "admin.logentry",
  "pk": 51,
  "fields": {
    "action_time": "2025-09-10T19:58:44.336Z",
    "user": 1,
    "content_type": 10,
    "object_id": "7",
    "object_repr": "teste, teste - teste/RN",
    "action_flag": 1,
    "change_message": "[{\"added\": {}}]"
  }
},
{
  "model": "admin.logentry",
  "pk": 52,
  "fields": {
    "action_time": "2025-09-10T19:58:58.799Z",
    "user": 1,
    "content_type": 10,
    "object_id": "7",
    "object_repr": "teste, teste - teste/RN",
    "action_flag": 3,
    "change_message": ""
  }
},
{
  "model": "admin.logentry",
  "pk": 53,
  "fields": {
    "action_time": "2025-09-10T20:44:20.172Z",
    "user": 1,
    "content_type": 10,
    "object_id": "6",
    "object_repr": "Rua Francisco Pignataro, 1899 - Natal/RN",
    "action_flag": 2,
    "change_message": "[{\"changed\": {\"fields\": [\"Destinatario\"]}}]"
  }
},
{
  "model": "admin.logentry",
  "pk": 54,
  "fields": {
    "action_time": "2025-09-10T20:44:25.027Z",
    "user": 1,
    "content_type": 10,
    "object_id": "4",
    "object_repr": "Avenida Xavier da Silveira, 1849 - Natal/RN",
    "action_flag": 2,
    "change_message": "[{\"changed\": {\"fields\": [\"Destinatario\"]}}]"
  }
},
{
  "model": "admin.logentry",
  "pk": 55,
  "fields": {
    "action_time": "2025-09-16T00:19:20.425Z",
    "user": 1,
    "content_type": 10,
    "object_id": "9",
    "object_repr": "Avenida Xavier da Silveira, 1 - Natal/RN",
    "action_flag": 3,
    "change_message": ""
  }
},
{
  "model": "admin.logentry",
  "pk": 56,
  "fields": {
    "action_time": "2025-09-16T00:20:37.057Z",
    "user": 1,
    "content_type": 10,
    "object_id": "10",
    "object_repr": "Rua Francisco Pignataro, 1 - Natal/RN",
    "action_flag": 3,
    "change_message": ""
  }
},
{
  "model": "admin.logentry",
  "pk": 57,
  "fields": {
    "action_time": "2025-09-23T23:56:20.866Z",
    "user": 1,
    "content_type": 11,
    "object_id": "1",
    "object_repr": "Meu Cartão - Lucas Brito Prudente da Silva",
    "action_flag": 3,
    "change_message": ""
  }
},
{
  "model": "admin.logentry",
  "pk": 58,
  "fields": {
    "action_time": "2025-09-23T23:56:41.309Z",
    "user": 1,
    "content_type": 11,
    "object_id": "2",
    "object_repr": "Meu Cartão - Lucas Brito Prudente da Silva",
    "action_flag": 2,
    "change_message": "[{\"changed\": {\"fields\": [\"Apelido\", \"Titular\", \"Numero\"]}}]"
  }
},
{
  "model": "admin.logentry",
  "pk": 59,
  "fields": {
    "action_time": "2025-09-24T00:25:26.103Z",
    "user": 1,
    "content_type": 11,
    "object_id": "2",
    "object_repr": "Meu Cartão - Lucas Brito Prudente da Silva",
    "action_flag": 2,
    "change_message": "[{\"changed\": {\"fields\": [\"Titular\"]}}]"
  }
},
{
  "model": "admin.logentry",
  "pk": 60,
  "fields": {
    "action_time": "2025-09-24T00:28:05.214Z",
    "user": 1,
    "content_type": 11,
    "object_id": "2",
    "object_repr": "Meu Cartão - Lucas Brito Prudente da Silva",
    "action_flag": 2,
    "change_message": "[{\"changed\": {\"fields\": [\"Titular\"]}}]"
  }
},
{
  "model": "admin.logentry",
  "pk": 61,
  "fields": {
    "action_time": "2025-09-24T01:33:53.237Z",
    "user": 1,
    "content_type": 11,
    "object_id": "2",
    "object_repr": "Meu Cartão - Lucas Brito Prudente da Silva",
    "action_flag": 3,
    "change_message": ""
  }
},
{
  "model": "admin.logentry",
  "pk": 62,
  "fields": {
    "action_time": "2025-10-22T00:57:46.767Z",
    "user": 1,
    "content_type": 12,
    "object_id": "3",
    "object_repr": "2025-10-21 23:49:09.220497+00:00",
    "action_flag": 3,
    "change_message": ""
  }
},
{
  "model": "admin.logentry",
  "pk": 63,
  "fields": {
    "action_time": "2025-10-22T00:57:46.767Z",
    "user": 1,
    "content_type": 12,
    "object_id": "1",
    "object_repr": "2025-10-19 22:22:40.798069+00:00",
    "action_flag": 3,
    "change_message": ""
  }
},
{
  "model": "admin.logentry",
  "pk": 64,
  "fields": {
    "action_time": "2025-10-31T02:18:36.142Z",
    "user": 1,
    "content_type": 15,
    "object_id": "6",
    "object_repr": "teste@gmail.com - 44.99 - 2025-10-31 01:43:23.529615+00:00",
    "action_flag": 2,
    "change_message": "[{\"changed\": {\"fields\": [\"Status\"]}}]"
  }
},
{
  "model": "admin.logentry",
  "pk": 65,
  "fields": {
    "action_time": "2025-10-31T02:21:58.236Z",
    "user": 1,
    "content_type": 15,
    "object_id": "6",
    "object_repr": "teste@gmail.com - 44.99 - 2025-10-31 01:43:23.529615+00:00",
    "action_flag": 2,
    "change_message": "[{\"changed\": {\"fields\": [\"Status\"]}}]"
  }
},
{
  "model": "admin.logentry",
  "pk": 66,
  "fields": {
    "action_time": "2025-10-31T02:22:07.493Z",
    "user": 1,
    "content_type": 15,
    "object_id": "6",
    "object_repr": "teste@gmail.com - 44.99 - 2025-10-31 01:43:23.529615+00:00",
    "action_flag": 2,
    "change_message": "[{\"changed\": {\"fields\": [\"Status\"]}}]"
  }
},
{
  "model": "admin.logentry",
  "pk": 67,
  "fields": {
    "action_time": "2025-10-31T02:28:23.778Z",
    "user": 1,
    "content_type": 15,
    "object_id": "6",
    "object_repr": "teste@gmail.com - 44.99 - 2025-10-31 01:43:23.529615+00:00",
    "action_flag": 2,
    "change_message": "[{\"changed\": {\"fields\": [\"Status\"]}}]"
  }
},
{
  "model": "admin.logentry",
  "pk": 68,
  "fields": {
    "action_time": "2025-11-02T17:38:39.323Z",
    "user": 1,
    "content_type": 15,
    "object_id": "6",
    "object_repr": "teste@gmail.com - 44.99 - 2025-10-31 01:43:23.529615+00:00",
    "action_flag": 2,
    "change_message": "[{\"changed\": {\"fields\": [\"Status\"]}}]"
  }
},
{
  "model": "admin.logentry",
  "pk": 69,
  "fields": {
    "action_time": "2025-11-06T13:10:13.653Z",
    "user": 1,
    "content_type": 15,
    "object_id": "4",
    "object_repr": "teste@gmail.com - 269.97 - 2025-10-31 01:39:36.402467+00:00",
    "action_flag": 2,
    "change_message": "[{\"changed\": {\"fields\": [\"Status\"]}}]"
  }
},
{
  "model": "admin.logentry",
  "pk": 70,
  "fields": {
    "action_time": "2025-11-06T22:31:25.544Z",
    "user": 1,
    "content_type": 15,
    "object_id": "5",
    "object_repr": "teste@gmail.com - 119.98 - 2025-10-31 01:42:06.954239+00:00",
    "action_flag": 2,
    "change_message": "[{\"changed\": {\"fields\": [\"Status\"]}}]"
  }
},
{
  "model": "admin.logentry",
  "pk": 71,
  "fields": {
    "action_time": "2025-11-07T00:55:08.015Z",
    "user": 1,
    "content_type": 17,
    "object_id": "1",
    "object_repr": "Devolução do Pedido #6 - Status: Pendente",
    "action_flag": 3,
    "change_message": ""
  }
},
{
  "model": "admin.logentry",
  "pk": 72,
  "fields": {
    "action_time": "2025-11-07T01:01:34.720Z",
    "user": 1,
    "content_type": 17,
    "object_id": "1",
    "object_repr": "Devolução do Pedido #6 - Status: Pendente",
    "action_flag": 3,
    "change_message": ""
  }
},
{
  "model": "admin.logentry",
  "pk": 73,
  "fields": {
    "action_time": "2025-11-07T02:15:17.676Z",
    "user": 1,
    "content_type": 17,
    "object_id": "2",
    "object_repr": "Devolução do Pedido #6 - Status: Pendente",
    "action_flag": 2,
    "change_message": "[{\"changed\": {\"fields\": [\"Status\"]}}]"
  }
},
{
  "model": "admin.logentry",
  "pk": 74,
  "fields": {
    "action_time": "2025-11-07T02:19:12.360Z",
    "user": 1,
    "content_type": 17,
    "object_id": "2",
    "object_repr": "Devolução do Pedido #6 - Status: Pendente",
    "action_flag": 2,
    "change_message": "[{\"changed\": {\"fields\": [\"Status\"]}}]"
  }
},
{
  "model": "admin.logentry",
  "pk": 75,
  "fields": {
    "action_time": "2025-11-07T02:19:24.686Z",
    "user": 1,
    "content_type": 17,
    "object_id": "2",
    "object_repr": "Devolução do Pedido #6 - Status: Pendente",
    "action_flag": 2,
    "change_message": "[{\"changed\": {\"fields\": [\"Status\"]}}]"
  }
},
{
  "model": "admin.logentry",
  "pk": 76,
  "fields": {
    "action_time": "2025-11-07T02:25:29.412Z",
    "user": 1,
    "content_type": 15,
    "object_id": "4",
    "object_repr": "teste@gmail.com - 269.97 - 2025-10-31 01:39:36.402467+00:00",
    "action_flag": 2,
    "change_message": "[{\"changed\": {\"fields\": [\"Status\"]}}]"
  }
},
{
  "model": "admin.logentry",
  "pk": 77,
  "fields": {
    "action_time": "2025-11-19T01:19:27.332Z",
    "user": 1,
    "content_type": 18,
    "object_id": "29",
    "object_repr": "Lote 29 - Bermuda branca (2)",
    "action_flag": 2,
    "change_message": "[{\"changed\": {\"fields\": [\"Quantidade\"]}}]"
  }
},
{
  "model": "admin.logentry",
  "pk": 78,
  "fields": {
    "action_time": "2025-11-19T01:20:39.654Z",
    "user": 1,
    "content_type": 18,
    "object_id": "29",
    "object_repr": "Lote 29 - Bermuda branca (5)",
    "action_flag": 2,
    "change_message": "[{\"changed\": {\"fields\": [\"Quantidade\"]}}]"
  }
},
{
  "model": "admin.logentry",
  "pk": 79,
  "fields": {
    "action_time": "2025-11-19T01:20:48.692Z",
    "user": 1,
    "content_type": 15,
    "object_id": "7",
    "object_repr": "teste@gmail.com - 134.97 - 2025-11-19 01:19:35.338905+00:00",
    "action_flag": 3,
    "change_message": ""
  }
},
{
  "model": "admin.logentry",
  "pk": 80,
  "fields": {
    "action_time": "2025-11-19T01:21:14.455Z",
    "user": 1,
    "content_type": 18,
    "object_id": "29",
    "object_repr": "Lote 29 - Bermuda branca (3)",
    "action_flag": 2,
    "change_message": "[{\"changed\": {\"fields\": [\"Quantidade\"]}}]"
  }
},
{
  "model": "admin.logentry",
  "pk": 81,
  "fields": {
    "action_time": "2025-11-19T01:31:48.790Z",
    "user": 1,
    "content_type": 18,
    "object_id": "29",
    "object_repr": "Lote 29 - Bermuda branca (5)",
    "action_flag": 2,
    "change_message": "[{\"changed\": {\"fields\": [\"Quantidade\"]}}]"
  }
},
{
  "model": "admin.logentry",
  "pk": 82,
  "fields": {
    "action_time": "2025-11-19T01:32:08.214Z",
    "user": 1,
    "content_type": 18,
    "object_id": "29",
    "object_repr": "Lote 29 - Bermuda branca (3)",
    "action_flag": 2,
    "change_message": "[{\"changed\": {\"fields\": [\"Quantidade\"]}}]"
  }
},
{
  "model": "admin.logentry",
  "pk": 83,
  "fields": {
    "action_time": "2025-11-19T01:32:38.198Z",
    "user": 1,
    "content_type": 18,
    "object_id": "29",
    "object_repr": "Lote 29 - Bermuda branca (5)",
    "action_flag": 2,
    "change_message": "[{\"changed\": {\"fields\": [\"Quantidade\"]}}]"
  }
},
{
  "model": "admin.logentry",
  "pk": 84,
  "fields": {
    "action_time": "2025-11-19T01:32:56.629Z",
    "user": 1,
    "content_type": 18,
    "object_id": "29",
    "object_repr": "Lote 29 - Bermuda branca (3)",
    "action_flag": 2,
    "change_message": "[{\"changed\": {\"fields\": [\"Quantidade\"]}}]"
  }
},
{
  "model": "admin.logentry",
  "pk": 85,
  "fields": {
    "action_time": "2025-11-19T01:33:31.551Z",
    "user": 1,
    "content_type": 15,
    "object_id": "8",
    "object_repr": "teste@gmail.com - 224.95 - 2025-11-19 01:32:59.006430+00:00",
    "action_flag": 3,
    "change_message": ""
  }
},
{
  "model": "admin.logentry",
  "pk": 86,
  "fields": {
    "action_time": "2025-11-19T01:33:35.917Z",
    "user": 1,
    "content_type": 18,
    "object_id": "29",
    "object_repr": "Lote 29 - Bermuda branca (5)",
    "action_flag": 2,
    "change_message": "[{\"changed\": {\"fields\": [\"Quantidade\"]}}]"
  }
},
{
  "model": "admin.logentry",
  "pk": 87,
  "fields": {
    "action_time": "2025-11-19T01:48:58.674Z",
    "user": 1,
    "content_type": 18,
    "object_id": "1",
    "object_repr": "Lote 1 - Whey Concentrado 900g (1)",
    "action_flag": 2,
    "change_message": "[{\"changed\": {\"fields\": [\"Quantidade\"]}}]"
  }
},
{
  "model": "admin.logentry",
  "pk": 88,
  "fields": {
    "action_time": "2025-11-19T01:49:55.535Z",
    "user": 1,
    "content_type": 18,
    "object_id": "29",
    "object_repr": "Lote 29 - Bermuda branca (3)",
    "action_flag": 2,
    "change_message": "[{\"changed\": {\"fields\": [\"Quantidade\"]}}]"
  }
},
{
  "model": "admin.logentry",
  "pk": 89,
  "fields": {
    "action_time": "2025-11-21T00:31:03.472Z",
    "user": 1,
    "content_type": 19,
    "object_id": "1",
    "object_repr": "Notificação Teste - Teste",
    "action_flag": 1,
    "change_message": "[{\"added\": {}}]"
  }
},
{
  "model": "admin.logentry",
  "pk": 90,
  "fields": {
    "action_time": "2025-11-22T00:37:26.268Z",
    "user": 1,
    "content_type": 19,
    "object_id": "2",
    "object_repr": "Devolução aprovada - Teste",
    "action_flag": 1,
    "change_message": "[{\"added\": {}}]"
  }
},
{
  "model": "admin.logentry",
  "pk": 91,
  "fields": {
    "action_time": "2025-11-22T00:42:32.905Z",
    "user": 1,
    "content_type": 19,
    "object_id": "3",
    "object_repr": "Status do pedido #40 - Teste",
    "action_flag": 1,
    "change_message": "[{\"added\": {}}]"
  }
},
{
  "model": "admin.logentry",
  "pk": 92,
  "fields": {
    "action_time": "2025-11-22T00:43:32.649Z",
    "user": 1,
    "content_type": 19,
    "object_id": "4",
    "object_repr": "Whey em promoção - Teste",
    "action_flag": 1,
    "change_message": "[{\"added\": {}}]"
  }
},
{
  "model": "admin.logentry",
  "pk": 93,
  "fields": {
    "action_time": "2025-11-22T00:44:24.892Z",
    "user": 1,
    "content_type": 19,
    "object_id": "5",
    "object_repr": "Manutenção do site - Teste",
    "action_flag": 1,
    "change_message": "[{\"added\": {}}]"
  }
},
{
  "model": "admin.logentry",
  "pk": 94,
  "fields": {
    "action_time": "2025-11-22T01:29:54.796Z",
    "user": 1,
    "content_type": 15,
    "object_id": "10",
    "object_repr": "teste@gmail.com - 269.97 - 2025-11-19 01:52:11.822779+00:00",
    "action_flag": 2,
    "change_message": "[{\"changed\": {\"fields\": [\"Status\"]}}]"
  }
},
{
  "model": "admin.logentry",
  "pk": 95,
  "fields": {
    "action_time": "2025-11-22T01:34:20.180Z",
    "user": 1,
    "content_type": 15,
    "object_id": "10",
    "object_repr": "teste@gmail.com - 269.97 - 2025-11-19 01:52:11.822779+00:00",
    "action_flag": 2,
    "change_message": "[{\"changed\": {\"fields\": [\"Status\"]}}]"
  }
},
{
  "model": "admin.logentry",
  "pk": 96,
  "fields": {
    "action_time": "2025-11-22T01:42:45.829Z",
    "user": 1,
    "content_type": 17,
    "object_id": "2",
    "object_repr": "Devolução do Pedido #6 - Status: Aprovada",
    "action_flag": 2,
    "change_message": "[{\"changed\": {\"fields\": [\"Status\"]}}]"
  }
},
{
  "model": "admin.logentry",
  "pk": 97,
  "fields": {
    "action_time": "2025-11-22T01:43:09.068Z",
    "user": 1,
    "content_type": 7,
    "object_id": "1",
    "object_repr": "Whey Concentrado 900g",
    "action_flag": 2,
    "change_message": "[{\"changed\": {\"fields\": [\"Porcentagem desconto\"]}}]"
  }
},
{
  "model": "admin.logentry",
  "pk": 98,
  "fields": {
    "action_time": "2025-11-22T01:56:06.034Z",
    "user": 1,
    "content_type": 18,
    "object_id": "32",
    "object_repr": "Lote 32 - Bermuda branca (5)",
    "action_flag": 1,
    "change_message": "[{\"added\": {}}]"
  }
},
{
  "model": "admin.logentry",
  "pk": 99,
  "fields": {
    "action_time": "2025-11-22T01:57:15.241Z",
    "user": 1,
    "content_type": 18,
    "object_id": "32",
    "object_repr": "Lote 32 - Bermuda branca (5)",
    "action_flag": 3,
    "change_message": ""
  }
},
{
  "model": "admin.logentry",
  "pk": 100,
  "fields": {
    "action_time": "2025-11-22T01:57:15.241Z",
    "user": 1,
    "content_type": 18,
    "object_id": "29",
    "object_repr": "Lote 29 - Bermuda branca (3)",
    "action_flag": 3,
    "change_message": ""
  }
},
{
  "model": "admin.logentry",
  "pk": 101,
  "fields": {
    "action_time": "2025-11-22T02:00:16.099Z",
    "user": 1,
    "content_type": 18,
    "object_id": "33",
    "object_repr": "Lote 33 - Bermuda branca (10)",
    "action_flag": 1,
    "change_message": "[{\"added\": {}}]"
  }
},
{
  "model": "admin.logentry",
  "pk": 102,
  "fields": {
    "action_time": "2025-12-02T02:59:25.139Z",
    "user": 1,
    "content_type": 20,
    "object_id": "33",
    "object_repr": "Glutamina 200g - 3 estrelas - Teste",
    "action_flag": 3,
    "change_message": ""
  }
},
{
  "model": "admin.logentry",
  "pk": 103,
  "fields": {
    "action_time": "2025-12-13T22:09:04.702Z",
    "user": 1,
    "content_type": 4,
    "object_id": "1",
    "object_repr": "admin",
    "action_flag": 2,
    "change_message": "[{\"changed\": {\"fields\": [\"password\"]}}]"
  }
},
{
  "model": "admin.logentry",
  "pk": 104,
  "fields": {
    "action_time": "2025-12-13T22:10:38.438Z",
    "user": 1,
    "content_type": 8,
    "object_id": "9",
    "object_repr": "Lucas Brito Prudente da Silva",
    "action_flag": 2,
    "change_message": "[{\"changed\": {\"fields\": [\"Perfil\"]}}]"
  }
},
{
  "model": "admin.logentry",
  "pk": 105,
  "fields": {
    "action_time": "2025-12-13T22:49:54.469Z",
    "user": 1,
    "content_type": 18,
    "object_id": "34",
    "object_repr": "Lote 34 - Cafeína 200mg (5)",
    "action_flag": 1,
    "change_message": "[{\"added\": {}}]"
  }
},
{
  "model": "admin.logentry",
  "pk": 106,
  "fields": {
    "action_time": "2025-12-13T22:50:11.233Z",
    "user": 1,
    "content_type": 18,
    "object_id": "34",
    "object_repr": "Lote 34 - Cafeína 200mg (5)",
    "action_flag": 2,
    "change_message": "[{\"changed\": {\"fields\": [\"Validade\"]}}]"
  }
},
{
  "model": "admin.logentry",
  "pk": 107,
  "fields": {
    "action_time": "2025-12-13T23:11:49.881Z",
    "user": 1,
    "content_type": 18,
    "object_id": "33",
    "object_repr": "Lote 33 - Bermuda branca (2)",
    "action_flag": 2,
    "change_message": "[{\"changed\": {\"fields\": [\"Validade\"]}}]"
  }
},
{
  "model": "admin.logentry",
  "pk": 108,
  "fields": {
    "action_time": "2025-12-13T23:12:17.817Z",
    "user": 1,
    "content_type": 18,
    "object_id": "33",
    "object_repr": "Lote 33 - Bermuda branca (2)",
    "action_flag": 2,
    "change_message": "[{\"changed\": {\"fields\": [\"Validade\"]}}]"
  }
},
{
  "model": "admin.logentry",
  "pk": 109,
  "fields": {
    "action_time": "2025-12-13T23:12:24.814Z",
    "user": 1,
    "content_type": 18,
    "object_id": "31",
    "object_repr": "Lote 31 - Camiseta Branca (4)",
    "action_flag": 2,
    "change_message": "[{\"changed\": {\"fields\": [\"Validade\"]}}]"
  }
},
{
  "model": "admin.logentry",
  "pk": 110,
  "fields": {
    "action_time": "2025-12-13T23:12:28.813Z",
    "user": 1,
    "content_type": 18,
    "object_id": "30",
    "object_repr": "Lote 30 - Camiseta Preta (5)",
    "action_flag": 2,
    "change_message": "[{\"changed\": {\"fields\": [\"Validade\"]}}]"
  }
},
{
  "model": "admin.logentry",
  "pk": 111,
  "fields": {
    "action_time": "2025-12-13T23:12:45.959Z",
    "user": 1,
    "content_type": 18,
    "object_id": "11",
    "object_repr": "Lote 11 - Snack Protein - Requeijão (9)",
    "action_flag": 2,
    "change_message": "[{\"changed\": {\"fields\": [\"Validade\"]}}]"
  }
},
{
  "model": "admin.logentry",
  "pk": 112,
  "fields": {
    "action_time": "2026-02-06T15:27:33.999Z",
    "user": 1,
    "content_type": 8,
    "object_id": "40",
    "object_repr": "admin",
    "action_flag": 1,
    "change_message": "[{\"added\": {}}]"
  }
},
{
  "model": "auth.user",
  "pk": 1,
  "fields": {
    "password": "pbkdf2_sha256$1000000$JSY1pWQwHLgSVTINGJv0uo$Lq23FKkjdCfgwRTu+VcXJWK9rVaQ6XCkODgTdVAS+ws=",
    "last_login": "2026-02-06T15:26:11.161Z",
    "is_superuser": true,
    "username": "admin",
    "first_name": "",
    "last_name": "",
    "email": "admin@gmail.com",
    "is_staff": true,
    "is_active": true,
    "date_joined": "2025-07-02T00:28:13.902Z",
    "groups": [],
    "user_permissions": []
  }
},
{
  "model": "auth.user",
  "pk": 10,
  "fields": {
    "password": "pbkdf2_sha256$1000000$tZp91VnatUkWUex815krNl$NdsAucgQ0pVONtj+vOKAUSZzd1ouOW2B6LJ65Sy8fQg=",
    "last_login": "2025-12-14T01:02:00.087Z",
    "is_superuser": false,
    "username": "lucasbps2006@gmail.com",
    "first_name": "",
    "last_name": "",
    "email": "lucasbps2006@gmail.com",
    "is_staff": false,
    "is_active": true,
    "date_joined": "2025-08-07T02:56:43.067Z",
    "groups": [],
    "user_permissions": []
  }
},
{
  "model": "auth.user",
  "pk": 19,
  "fields": {
    "password": "pbkdf2_sha256$1000000$3MpLqBJTU5lej2OVfcix9K$9CF2zZLEHczEIihklWbGujQi37cP58bXLM0LiiR0BlU=",
    "last_login": null,
    "is_superuser": false,
    "username": "teste@gmail.com",
    "first_name": "",
    "last_name": "",
    "email": "teste@gmail.com",
    "is_staff": false,
    "is_active": true,
    "date_joined": "2025-08-26T20:48:17.099Z",
    "groups": [],
    "user_permissions": []
  }
},
{
  "model": "auth.user",
  "pk": 31,
  "fields": {
    "password": "pbkdf2_sha256$1000000$CJVXsZeOmg3oz6zBjrTZoX$usytAUGE5xRCfaA9WImf7I4qpWLo12a9aL+UW7aO+LU=",
    "last_login": null,
    "is_superuser": false,
    "username": "ana.silva@teste.com",
    "first_name": "Ana",
    "last_name": "Beatriz Silva",
    "email": "ana.silva@teste.com",
    "is_staff": false,
    "is_active": true,
    "date_joined": "2025-11-28T02:13:05.453Z",
    "groups": [],
    "user_permissions": []
  }
},
{
  "model": "auth.user",
  "pk": 32,
  "fields": {
    "password": "pbkdf2_sha256$1000000$USTlWYGHPLovJDZG9D6YuX$aFvciZ5MCv4RurXKNRzJgkgDeZnRbhkexSwSKBrenXQ=",
    "last_login": null,
    "is_superuser": false,
    "username": "carlos.souza@teste.com",
    "first_name": "Carlos",
    "last_name": "Eduardo Souza",
    "email": "carlos.souza@teste.com",
    "is_staff": false,
    "is_active": true,
    "date_joined": "2025-11-28T02:13:05.721Z",
    "groups": [],
    "user_permissions": []
  }
},
{
  "model": "auth.user",
  "pk": 33,
  "fields": {
    "password": "pbkdf2_sha256$1000000$RNDMjlclhjN9D0PduETQNF$XkQBxVM3hVpdPxqTXwsk8wDcDfq3AdRDH0SRZQ+JG+I=",
    "last_login": null,
    "is_superuser": false,
    "username": "mariana.costa@teste.com",
    "first_name": "Mariana",
    "last_name": "Costa",
    "email": "mariana.costa@teste.com",
    "is_staff": false,
    "is_active": true,
    "date_joined": "2025-11-28T02:13:05.984Z",
    "groups": [],
    "user_permissions": []
  }
},
{
  "model": "auth.user",
  "pk": 34,
  "fields": {
    "password": "pbkdf2_sha256$1000000$UcvmkPFTpqZe4BlkCvOeEB$X4jOjvO8yRxJa5DpWb9JXW3tfrPFJc0kytFclQkjwaI=",
    "last_login": null,
    "is_superuser": false,
    "username": "joao.pedro@teste.com",
    "first_name": "João",
    "last_name": "Pedro Oliveira",
    "email": "joao.pedro@teste.com",
    "is_staff": false,
    "is_active": true,
    "date_joined": "2025-11-28T02:13:06.242Z",
    "groups": [],
    "user_permissions": []
  }
},
{
  "model": "auth.user",
  "pk": 35,
  "fields": {
    "password": "pbkdf2_sha256$1000000$GZyNnkdwO0pFSqXNV8XeOg$FOnHJ4ulcD0lWkGg3Cwj59WoAYhBKM9oZCxFrxwcmiA=",
    "last_login": null,
    "is_superuser": false,
    "username": "fernanda.lima@teste.com",
    "first_name": "Fernanda",
    "last_name": "Lima",
    "email": "fernanda.lima@teste.com",
    "is_staff": false,
    "is_active": true,
    "date_joined": "2025-11-28T02:13:06.518Z",
    "groups": [],
    "user_permissions": []
  }
},
{
  "model": "auth.user",
  "pk": 36,
  "fields": {
    "password": "pbkdf2_sha256$1000000$6u2DVL8Sa6z1ZvOKKDXghT$2rb2ze8fDZio/EjZnNszBxafuSiwwZ6Zmi3Gf/BjV00=",
    "last_login": null,
    "is_superuser": false,
    "username": "roberto.santos@teste.com",
    "first_name": "Roberto",
    "last_name": "Santos",
    "email": "roberto.santos@teste.com",
    "is_staff": false,
    "is_active": true,
    "date_joined": "2025-11-28T02:13:06.786Z",
    "groups": [],
    "user_permissions": []
  }
},
{
  "model": "auth.user",
  "pk": 37,
  "fields": {
    "password": "pbkdf2_sha256$1000000$s2yP18G0isfMNIBZWqkH2w$6UcB+W4UVtHzq3vthcq63fG+bjvEdiwkGFPqaqTAKqE=",
    "last_login": null,
    "is_superuser": false,
    "username": "patricia.alves@teste.com",
    "first_name": "Patrícia",
    "last_name": "Alves",
    "email": "patricia.alves@teste.com",
    "is_staff": false,
    "is_active": true,
    "date_joined": "2025-11-28T02:13:07.056Z",
    "groups": [],
    "user_permissions": []
  }
},
{
  "model": "auth.user",
  "pk": 38,
  "fields": {
    "password": "pbkdf2_sha256$1000000$HSUKcGcwHlGUjJLJXPTghU$DRGxzLpe1/OWm6c3Cnp4LjfU9aeYnKLnc+y0QTXuWMM=",
    "last_login": null,
    "is_superuser": false,
    "username": "lucas.pereira@teste.com",
    "first_name": "Lucas",
    "last_name": "Pereira",
    "email": "lucas.pereira@teste.com",
    "is_staff": false,
    "is_active": true,
    "date_joined": "2025-11-28T02:13:07.325Z",
    "groups": [],
    "user_permissions": []
  }
},
{
  "model": "auth.user",
  "pk": 39,
  "fields": {
    "password": "pbkdf2_sha256$1000000$TpNcQ6AW26BGXuLYok0L6A$vXXBvv7/VQzTFaowBmQcUKJIcsmeX4iQzpfzS5tXjJw=",
    "last_login": null,
    "is_superuser": false,
    "username": "juliana.martins@teste.com",
    "first_name": "Juliana",
    "last_name": "Martins",
    "email": "juliana.martins@teste.com",
    "is_staff": false,
    "is_active": true,
    "date_joined": "2025-11-28T02:13:07.589Z",
    "groups": [],
    "user_permissions": []
  }
},
{
  "model": "auth.user",
  "pk": 40,
  "fields": {
    "password": "pbkdf2_sha256$1000000$7uyqBhTaesB1rl7cLT8Oiz$/cHvJNGhOsW8DxFLgAvhaFkmPnj6SW1Kwshazg14BV0=",
    "last_login": null,
    "is_superuser": false,
    "username": "marcos.ferreira@teste.com",
    "first_name": "Marcos",
    "last_name": "Ferreira",
    "email": "marcos.ferreira@teste.com",
    "is_staff": false,
    "is_active": true,
    "date_joined": "2025-11-28T02:13:07.869Z",
    "groups": [],
    "user_permissions": []
  }
},
{
  "model": "sessions.session",
  "pk": "00m8fy0pmcs5moae3xeooec1qkg6a7u6",
  "fields": {
    "session_data": "e30:1vAd0Q:MrbGwW2GfBS6sPBi4whcTeTlE54qluDLN7cnzVE4xSI",
    "expire_date": "2025-11-02T23:40:06.407Z"
  }
},
{
  "model": "sessions.session",
  "pk": "02jin8y9bs8j4y7pce6ic24ggm7kgu8u",
  "fields": {
    "session_data": "e30:1vAf4D:bsRDdq5OzcDujqF5JkPDuFyjK_UrJaYkS-isII_tyVk",
    "expire_date": "2025-11-03T01:52:09.414Z"
  }
},
{
  "model": "sessions.session",
  "pk": "03xg8tl9fe5xwlm9g30zn1h3rokuxpan",
  "fields": {
    "session_data": "e30:1vAfgf:buq1BJEa8H6hbJvHtzoMyrkq-ePlZKHNyCvz9cfqcns",
    "expire_date": "2025-11-03T02:31:53.430Z"
  }
},
{
  "model": "sessions.session",
  "pk": "0bsm62q4xqk7wo8l8r9l9s4ogf7owuwn",
  "fields": {
    "session_data": "e30:1vB1Y6:vW_UBGQEG6_95Pjo_NEJSZmgfqiFbOqvcZGRlimcQaA",
    "expire_date": "2025-11-04T01:52:30.251Z"
  }
},
{
  "model": "sessions.session",
  "pk": "0ckdbjuk6h2fy8wjern4lvqciek6muf1",
  "fields": {
    "session_data": "e30:1vBM6L:PuDrHW86ybwzZZiwi3FWL6zNKEkor8bAaiq8120SxhA",
    "expire_date": "2025-11-04T23:49:13.840Z"
  }
},
{
  "model": "sessions.session",
  "pk": "0eac00k6cd38jl2zz42egngxslcnr55o",
  "fields": {
    "session_data": "e30:1vBMA3:hs6KJvvPIg6tOq6SzGUDOuvrU2_KDJV-hbQRUpE-lQo",
    "expire_date": "2025-11-04T23:53:03.803Z"
  }
},
{
  "model": "sessions.session",
  "pk": "0hzb8yumw5oed475mzittq6ofmvf48ht",
  "fields": {
    "session_data": "e30:1vAfh7:-5OuWAXQMSdN4xxT-5WXvg5ul080iD9cEPKzxj3R8rw",
    "expire_date": "2025-11-03T02:32:21.364Z"
  }
},
{
  "model": "sessions.session",
  "pk": "0jgvffd8ca5lkhstxjeftyzvkpuhpvn7",
  "fields": {
    "session_data": "e30:1vAewn:IIw7syDNcfT4WIngpg_uCMb_8BJXoFOmcGJCuiNAeDs",
    "expire_date": "2025-11-03T01:44:29.487Z"
  }
},
{
  "model": "sessions.session",
  "pk": "0k0h864keml7ziv7bqobqj5akcm59yik",
  "fields": {
    "session_data": "e30:1vAfh7:-5OuWAXQMSdN4xxT-5WXvg5ul080iD9cEPKzxj3R8rw",
    "expire_date": "2025-11-03T02:32:21.380Z"
  }
},
{
  "model": "sessions.session",
  "pk": "0or109tty3hxjsw9w3h034w0oyzw9e1j",
  "fields": {
    "session_data": "e30:1vAfl8:XVwYLLk8X_uG6-wirRgK5WIGGLF_I-jI8D9LhedIwZ4",
    "expire_date": "2025-11-03T02:36:30.239Z"
  }
},
{
  "model": "sessions.session",
  "pk": "0r1ec83vnkzjn3dw8ky0uw4upzsp7qmn",
  "fields": {
    "session_data": "e30:1vB2TP:EmlA4p3dVGh7Ba9xv54BiBaTcNRAPWICb7EaYaGTMCg",
    "expire_date": "2025-11-04T02:51:43.656Z"
  }
},
{
  "model": "sessions.session",
  "pk": "0xo7bxd3p5uej64jxg3fv6lfejy2gatj",
  "fields": {
    "session_data": "e30:1vAfc4:I16KclrYGeqREqYww3VdRTekLWam_wd-OLWaXmpdTC8",
    "expire_date": "2025-11-03T02:27:08.512Z"
  }
},
{
  "model": "sessions.session",
  "pk": "164ol74hgzr21fcmw6yiqdb8zpcmiw20",
  "fields": {
    "session_data": "e30:1vAfc5:UiXdB6CDivDAtfuB8LEA1ah8YN_3wiWZoxVBQc6jx9M",
    "expire_date": "2025-11-03T02:27:09.084Z"
  }
},
{
  "model": "sessions.session",
  "pk": "1b75ruop4a3qjss97afop3tvgnb4ve2r",
  "fields": {
    "session_data": "e30:1vAful:_iOCl4mFPkuxwX97BXQSGcS8lKSUzd_2M3NIzcnywng",
    "expire_date": "2025-11-03T02:46:27.173Z"
  }
},
{
  "model": "sessions.session",
  "pk": "1cn4nkmsxetd5idqfu63pyzt11bda582",
  "fields": {
    "session_data": "e30:1vAg9q:KtZ54598PRoHN9hnecn4fQFPDI5eKOna2bUMmVyXWDc",
    "expire_date": "2025-11-03T03:02:02.906Z"
  }
},
{
  "model": "sessions.session",
  "pk": "1j0h8bb6tbbch9y0g0nfahace4w7sj69",
  "fields": {
    "session_data": "e30:1vB1ke:WkrM8pZ61dbJqxJYDeSdYHfev408lvR5D5XpMWWALnc",
    "expire_date": "2025-11-04T02:05:28.526Z"
  }
},
{
  "model": "sessions.session",
  "pk": "1sgriqk6zwmay1ln7hmearm8dpot3ibn",
  "fields": {
    "session_data": "e30:1vAfGw:DrAUu4A5Bg3boRvf8v3RNu407YZcCx5CgZ8p5WrKdW0",
    "expire_date": "2025-11-03T02:05:18.285Z"
  }
},
{
  "model": "sessions.session",
  "pk": "1wl4vujp1afgc9y64myt0hz9wgyzx301",
  "fields": {
    "session_data": "e30:1vBM9r:UHXFVEHMRQm0QSlCNYJlo7WobfbzWV6O66azCgqzTsE",
    "expire_date": "2025-11-04T23:52:51.497Z"
  }
},
{
  "model": "sessions.session",
  "pk": "23fex2c3ysc358i2jkgdpkm4b8rs2krr",
  "fields": {
    "session_data": "e30:1vBN5u:79ueWNl9JWBrr58OoMfox_a7HNLeymsrNiUrr6qS0NQ",
    "expire_date": "2025-11-05T00:52:50.746Z"
  }
},
{
  "model": "sessions.session",
  "pk": "26046y8gk98f3mqqn2qth5ny77q4pwal",
  "fields": {
    "session_data": "e30:1vAfgQ:zdvnAvDyBsq8olbP6cX-wDcDtdpgYk0TC5erZZS65Dc",
    "expire_date": "2025-11-03T02:31:38.870Z"
  }
},
{
  "model": "sessions.session",
  "pk": "2828rpeqd3ibqqe3ut6tjq21chj7laui",
  "fields": {
    "session_data": "e30:1vAf8E:xHiDYk3QMBYf7rs4x9vDXMUU9JMcvPIFvfpfjXGblDY",
    "expire_date": "2025-11-03T01:56:18.859Z"
  }
},
{
  "model": "sessions.session",
  "pk": "2fxy1u0aykfdxxpb1lsl4f4409kj4he1",
  "fields": {
    "session_data": ".eJxVjDsOwyAQBe9CbSEvmAVSps8Z0PILTiKQjF1FuXtiyUXcvpl5b-ZoW4vbelrcHNmFARv-N0_hmeoO4oPqvfHQ6rrMnu8KP2jntxbT63q4p4NCvfxqRAQwlrJWWsGkg0LQY7I4CtQmBk9eUDaYJ2-VFBmUJBFlIEMgMkn2-QK1NjdD:1uYXQo:uWVGlEkL3fnc1u12E8AhDXF1_DsRAXqB9O-pCzwsvZY",
    "expire_date": "2025-07-20T22:01:54.748Z"
  }
},
{
  "model": "sessions.session",
  "pk": "2hrnfbghmqdkpj15vsmrrb6fupjy8fd4",
  "fields": {
    "session_data": "e30:1vAfh7:-5OuWAXQMSdN4xxT-5WXvg5ul080iD9cEPKzxj3R8rw",
    "expire_date": "2025-11-03T02:32:21.331Z"
  }
},
{
  "model": "sessions.session",
  "pk": "2iuyot84ggpbz3cbu7pb1wcpm9px5k3v",
  "fields": {
    "session_data": "e30:1vAfVr:sYNrCThE5_PFZWIN2ZW1_GYb6s5W4wCQlLX_E4kFYyk",
    "expire_date": "2025-11-03T02:20:43.166Z"
  }
},
{
  "model": "sessions.session",
  "pk": "2xnlnbw12u46tdl3ky7hmxjgtwpsrq40",
  "fields": {
    "session_data": "e30:1vAez9:Ch8SsjkuvQ3EUOUU76YOlLL8EruJH7P4s15aaILkm_E",
    "expire_date": "2025-11-03T01:46:55.826Z"
  }
},
{
  "model": "sessions.session",
  "pk": "3a3s6qjkhzxpp8gp9q7goaqyz24hccd9",
  "fields": {
    "session_data": "e30:1vAczt:rKXYt46uIWu27TjKWQb8AXeNyuEvN5zaJiNQ26xXZBk",
    "expire_date": "2025-11-02T23:39:33.335Z"
  }
},
{
  "model": "sessions.session",
  "pk": "3elkozm0vpi62roqmimp7i22b6ylvodv",
  "fields": {
    "session_data": "e30:1vB1iJ:eJSvW9-jK2xY0fJleykftxoyCITTtuE2xJ6wkmSG31Y",
    "expire_date": "2025-11-04T02:03:03.341Z"
  }
},
{
  "model": "sessions.session",
  "pk": "3l0ldqwbwj3qw0nqb78116art82lu942",
  "fields": {
    "session_data": "e30:1vAfdR:avTuDpJGtHW3Fo95PouTM4Zg2xCloidRV-bp6tdos9Y",
    "expire_date": "2025-11-03T02:28:33.187Z"
  }
},
{
  "model": "sessions.session",
  "pk": "3n9gkkrz3sbdqlb2aig8yb1i74e8w72q",
  "fields": {
    "session_data": "e30:1vAcym:ZDNVie4xj5wdzZS61KGBDhLLA8NsAQPVLZyyqg0gALA",
    "expire_date": "2025-11-02T23:38:24.382Z"
  }
},
{
  "model": "sessions.session",
  "pk": "3w5aiie0rklur49ujzk2gkdj4wevhces",
  "fields": {
    "session_data": "e30:1vAfgo:H_yN-JTA9Aht2F5FocFexhInQkhnZ2tROCJ1GJ9hX-4",
    "expire_date": "2025-11-03T02:32:02.556Z"
  }
},
{
  "model": "sessions.session",
  "pk": "3wsavjiz6lobbgki642qm9wrz6exy8cl",
  "fields": {
    "session_data": "e30:1vAfgm:JrkNASPW5uorBA8VAwGGgahhMhjj5Hz9XMjWrv_u-pU",
    "expire_date": "2025-11-03T02:32:00.182Z"
  }
},
{
  "model": "sessions.session",
  "pk": "40akqta4q2ehw9c2w544749dt5ectnzf",
  "fields": {
    "session_data": "e30:1vAd0T:rZN1xB8s7efI0D7vtsGF3yZMIsn4gPDO64kMmGA3obM",
    "expire_date": "2025-11-02T23:40:09.976Z"
  }
},
{
  "model": "sessions.session",
  "pk": "443342skaelpoim4maudcnnd38l9d1qt",
  "fields": {
    "session_data": "e30:1vAfh3:FTLVtwoCKIiSzo4QpmhWVVW0awVv-dXSs1RU0fYzAtc",
    "expire_date": "2025-11-03T02:32:17.136Z"
  }
},
{
  "model": "sessions.session",
  "pk": "49yhwbcc5l4fgtfleebnslezidtcyap2",
  "fields": {
    "session_data": "e30:1vB1kp:zoDse4CRj2yrSn8Gq8ClSs7fRv11ZDVez_JNDGmnrtI",
    "expire_date": "2025-11-04T02:05:39.025Z"
  }
},
{
  "model": "sessions.session",
  "pk": "4h2t810g2nyfs0i1kpr7xhw6bjneg4ae",
  "fields": {
    "session_data": "e30:1vBM9t:y43TFpsw3ShsJgP6BhRtOVFcUegzXMQ79aS2eBWILmc",
    "expire_date": "2025-11-04T23:52:53.926Z"
  }
},
{
  "model": "sessions.session",
  "pk": "4hksn31qp32xkz7m4nniwq4pxz7nkua4",
  "fields": {
    "session_data": "e30:1vB1UN:-WRi8ixu_f38AZrSg0qJJvdybJLQnH-Ar4V_YeRovGo",
    "expire_date": "2025-11-04T01:48:39.692Z"
  }
},
{
  "model": "sessions.session",
  "pk": "54mgp4syw1ut0x71w7pro2jn8hj8cmsw",
  "fields": {
    "session_data": "e30:1vB1kn:wBIoO0dE0zohqQuDRYc7H1wCEcx4Y3MfM6TwPsJjvXU",
    "expire_date": "2025-11-04T02:05:37.141Z"
  }
},
{
  "model": "sessions.session",
  "pk": "56nc59gdvxp3wdn9gzkdl226sxh1kpyz",
  "fields": {
    "session_data": "e30:1vAfdy:PhO3KA3oOx0ZTejqJRA6CV38psaF-sWMPkQSI4wuvhQ",
    "expire_date": "2025-11-03T02:29:06.434Z"
  }
},
{
  "model": "sessions.session",
  "pk": "5lsu3wtjksunlqdsunqk8obmbvb6ficr",
  "fields": {
    "session_data": "e30:1vAfc4:I16KclrYGeqREqYww3VdRTekLWam_wd-OLWaXmpdTC8",
    "expire_date": "2025-11-03T02:27:08.445Z"
  }
},
{
  "model": "sessions.session",
  "pk": "5mk8ghiucr7czglz3ew5yyag890grqzc",
  "fields": {
    "session_data": ".eJxVjDsOwyAQBe9CbSEvmAVSps8Z0PILTiKQjF1FuXtiyUXcvpl5b-ZoW4vbelrcHNmFARv-N0_hmeoO4oPqvfHQ6rrMnu8KP2jntxbT63q4p4NCvfxqRAQwlrJWWsGkg0LQY7I4CtQmBk9eUDaYJ2-VFBmUJBFlIEMgMkn2-QK1NjdD:1uw4nQ:lqec8Y7uaG4PJeERbS9AAKbg_g69ehgM9_bRZJ3JaJw",
    "expire_date": "2025-09-23T20:18:32.611Z"
  }
},
{
  "model": "sessions.session",
  "pk": "5r6ctpiaictlbxwamzbs5obr9ifz2n5f",
  "fields": {
    "session_data": "e30:1vAf18:eW8eZzlCvowrTcgftwGAAZtRNIpyX8nphWm6zHwmAnU",
    "expire_date": "2025-11-03T01:48:58.796Z"
  }
},
{
  "model": "sessions.session",
  "pk": "5s0eg2bjx3uzqwmhdry3vmoloruzr06r",
  "fields": {
    "session_data": "e30:1vAdIw:_MxTH0q9Meacr9xjL5eDxG8y-u6wqryVmPNYsLzV31k",
    "expire_date": "2025-11-02T23:59:14.753Z"
  }
},
{
  "model": "sessions.session",
  "pk": "5wpbsn5pgie17dii0jmmlzaidglu0qy7",
  "fields": {
    "session_data": "e30:1vAewq:bWSu4GaHI_qoG87lnI4uIX8ja00Ts7o0agkSRZ-N3r8",
    "expire_date": "2025-11-03T01:44:32.046Z"
  }
},
{
  "model": "sessions.session",
  "pk": "62dcd5uiejaz8j39veyk1em2rd81ejmv",
  "fields": {
    "session_data": "e30:1vAcyj:YtvsEFI6ntnwFPTpn-_Jo3rCDfXcKiFzIb9JUzsUUp4",
    "expire_date": "2025-11-02T23:38:21.549Z"
  }
},
{
  "model": "sessions.session",
  "pk": "64at0ps517v8v0v9vwxnzp2dde16lzf1",
  "fields": {
    "session_data": "e30:1vB1Y9:KUFo7H9jj3m9Jf9dpxIvJj3tURC69fco_y4zFEI9BKA",
    "expire_date": "2025-11-04T01:52:33.546Z"
  }
},
{
  "model": "sessions.session",
  "pk": "66x3h1e280p8luuqf36o0nzpidius8iw",
  "fields": {
    "session_data": "e30:1vB1qt:vrZ4Q-mm414564e0BmOhIgEcslzshJipei1F2dyZFx0",
    "expire_date": "2025-11-04T02:11:55.956Z"
  }
},
{
  "model": "sessions.session",
  "pk": "6ag7sfnu0h6t1h26eli8iezamgunmszu",
  "fields": {
    "session_data": "e30:1vB1rp:CoK-bk-adEe0pCNkyyyzd9LkhMLLLtfiuAxHAyrI6ys",
    "expire_date": "2025-11-04T02:12:53.152Z"
  }
},
{
  "model": "sessions.session",
  "pk": "6cyp4j55gpukszhu6vk11cgjmat0dn9t",
  "fields": {
    "session_data": ".eJxVjDsOwyAQBe9CbSEvmAVSps8Z0PILTiKQjF1FuXtiyUXcvpl5b-ZoW4vbelrcHNmFARv-N0_hmeoO4oPqvfHQ6rrMnu8KP2jntxbT63q4p4NCvfxqRAQwlrJWWsGkg0LQY7I4CtQmBk9eUDaYJ2-VFBmUJBFlIEMgMkn2-QK1NjdD:1uqyJe:gc66PRHQKMhe5vIxkZmw4tFOndW6JzQv1O0O5eZ2KMw",
    "expire_date": "2025-09-09T18:22:42.712Z"
  }
},
{
  "model": "sessions.session",
  "pk": "6ee6fepun6ba6al1xzh3h7hyo97yr5tq",
  "fields": {
    "session_data": "e30:1vB1ko:PSOpvlwHJVIHImceJ_Iwv-XDjM7jjzL6xph_vwNLEPg",
    "expire_date": "2025-11-04T02:05:38.954Z"
  }
},
{
  "model": "sessions.session",
  "pk": "6hlyug7wdilcbdve95cx2wz0h4agub43",
  "fields": {
    "session_data": "e30:1vAfSE:8l_IJG6AlHutNhKe6Rwmrcjxo1tLWiUQVnMkNSXPzs8",
    "expire_date": "2025-11-03T02:16:58.174Z"
  }
},
{
  "model": "sessions.session",
  "pk": "6mcbws7f7msan56dpo526ox3sm2rus9u",
  "fields": {
    "session_data": "e30:1vAfGo:CfKrKpxNIOY7MGgcXOVpJ7nQIyxETcvZn75ZZAePNr8",
    "expire_date": "2025-11-03T02:05:10.333Z"
  }
},
{
  "model": "sessions.session",
  "pk": "6mx5pj4g7i0f1kevz3fid77sditnhxqe",
  "fields": {
    "session_data": "e30:1vAf8E:xHiDYk3QMBYf7rs4x9vDXMUU9JMcvPIFvfpfjXGblDY",
    "expire_date": "2025-11-03T01:56:18.844Z"
  }
},
{
  "model": "sessions.session",
  "pk": "6x8uuf8abcjx1gr0uq5lhdgrzjjg7oo2",
  "fields": {
    "session_data": "e30:1vB1XR:ttXM3SSROPqCzC0lZXT9kn6dWbjxAmoRwHmC4fzJPZw",
    "expire_date": "2025-11-04T01:51:49.031Z"
  }
},
{
  "model": "sessions.session",
  "pk": "72vwb7qsro76zc1p6uexgluvdodu8sy9",
  "fields": {
    "session_data": "e30:1vAfh7:-5OuWAXQMSdN4xxT-5WXvg5ul080iD9cEPKzxj3R8rw",
    "expire_date": "2025-11-03T02:32:21.347Z"
  }
},
{
  "model": "sessions.session",
  "pk": "7a79326x4otqeqfl7qmmdekvjntf1r53",
  "fields": {
    "session_data": "e30:1vB2TW:92vrsogn5yVmQqnZwUA1dZm8VpvNOD7pj-2qkgzJliY",
    "expire_date": "2025-11-04T02:51:50.901Z"
  }
},
{
  "model": "sessions.session",
  "pk": "7miqw0h006hcq69j4wihjw04ivsunl4p",
  "fields": {
    "session_data": "e30:1vAf5U:XxR3vY4kk3FbCXTolblGEj5suiGKpy0gKmO17Uj4OoI",
    "expire_date": "2025-11-03T01:53:28.659Z"
  }
},
{
  "model": "sessions.session",
  "pk": "7pi20s1ijgmist9na5pxh5hjuzarz93y",
  "fields": {
    "session_data": "e30:1vB1qs:mwA6tO1jPMc1NMX2s-oDUF_5cH4BD4B36NdzJwIIklE",
    "expire_date": "2025-11-04T02:11:54.025Z"
  }
},
{
  "model": "sessions.session",
  "pk": "8duzcbebaufz6wfb8mqsthrk0oigrdss",
  "fields": {
    "session_data": "e30:1vAfEC:d3-vETGe6MsDsq5g9BJcDSfg3_qrCptRTh0B9pplHrY",
    "expire_date": "2025-11-03T02:02:28.745Z"
  }
},
{
  "model": "sessions.session",
  "pk": "8m8egffjw5z83qevby1yb43xxqdgikjl",
  "fields": {
    "session_data": "e30:1vB1YS:R2ra8lSEHz7qOoaU36ZRpsmgH7l9Fvyb1nNgw4FWfNA",
    "expire_date": "2025-11-04T01:52:52.862Z"
  }
},
{
  "model": "sessions.session",
  "pk": "91bvpjrteuoo9vuyq78bs6cb1cye91d2",
  "fields": {
    "session_data": "e30:1vBN5D:ntJvibaT1Su3GbwHgH-BwSF-60u6PGvl1a9Rl3EDpQ8",
    "expire_date": "2025-11-05T00:52:07.793Z"
  }
},
{
  "model": "sessions.session",
  "pk": "99af8eunu8kirxytnd86v5r2q9a0euob",
  "fields": {
    "session_data": "e30:1vAfEO:d4hz6_OxiE7D8oUzL5Np3QfsFdDioMS6RpHiQUQKzTI",
    "expire_date": "2025-11-03T02:02:40.391Z"
  }
},
{
  "model": "sessions.session",
  "pk": "9fouvxmil882lxtz0pmxpabpgj1js1k4",
  "fields": {
    "session_data": "e30:1vB1Y9:KUFo7H9jj3m9Jf9dpxIvJj3tURC69fco_y4zFEI9BKA",
    "expire_date": "2025-11-04T01:52:33.472Z"
  }
},
{
  "model": "sessions.session",
  "pk": "9mskx56w0o5811m00joapdqv3lyrtln1",
  "fields": {
    "session_data": "e30:1vAfSE:8l_IJG6AlHutNhKe6Rwmrcjxo1tLWiUQVnMkNSXPzs8",
    "expire_date": "2025-11-03T02:16:58.194Z"
  }
},
{
  "model": "sessions.session",
  "pk": "a02qwhn8osewcv5zd5g9ahpikdy41r23",
  "fields": {
    "session_data": "e30:1vAewq:bWSu4GaHI_qoG87lnI4uIX8ja00Ts7o0agkSRZ-N3r8",
    "expire_date": "2025-11-03T01:44:32.064Z"
  }
},
{
  "model": "sessions.session",
  "pk": "a0mjrujupz9htbcqs71nozzfa9tkl6lq",
  "fields": {
    "session_data": "e30:1vAfEd:pzqqdQC70R2OqqToB7GfLL2gi6ViJRxCbkFG3ZbnzFc",
    "expire_date": "2025-11-03T02:02:55.376Z"
  }
},
{
  "model": "sessions.session",
  "pk": "a44bth8r0qpth1p2hj8ogrinbvrlhee7",
  "fields": {
    "session_data": "e30:1vBMA3:hs6KJvvPIg6tOq6SzGUDOuvrU2_KDJV-hbQRUpE-lQo",
    "expire_date": "2025-11-04T23:53:03.881Z"
  }
},
{
  "model": "sessions.session",
  "pk": "a5g2u5hfo6irboxcmxctpng0sdaljcz8",
  "fields": {
    "session_data": ".eJxVjDsOwyAQBe9CbSEvmAVSps8Z0PILTiKQjF1FuXtiyUXcvpl5b-ZoW4vbelrcHNmFARv-N0_hmeoO4oPqvfHQ6rrMnu8KP2jntxbT63q4p4NCvfxqRAQwlrJWWsGkg0LQY7I4CtQmBk9eUDaYJ2-VFBmUJBFlIEMgMkn2-QK1NjdD:1ugYyC:3lILVl80LcE3wADPSpGYhH-1URmFSFRmQLI0PudzpCc",
    "expire_date": "2025-08-12T01:17:32.719Z"
  }
},
{
  "model": "sessions.session",
  "pk": "a9hyznsvfjube94zvhyi89qmrji7fw3q",
  "fields": {
    "session_data": "e30:1vAd0S:WJH91TN0mLHmkXxMwygKVKrRYRGwuH-ViQiPJTB0amc",
    "expire_date": "2025-11-02T23:40:08.254Z"
  }
},
{
  "model": "sessions.session",
  "pk": "afw5kq0c6cvr835004pggr5g2pol9won",
  "fields": {
    "session_data": "e30:1vB1VQ:Fg2K7zBDjEKCahXVENs8NP4eG3Gmksxy5yZeNd4soUs",
    "expire_date": "2025-11-04T01:49:44.080Z"
  }
},
{
  "model": "sessions.session",
  "pk": "ah59rh1vtx1uxswslmfbj0eqov9ol1wz",
  "fields": {
    "session_data": "e30:1vAd0T:rZN1xB8s7efI0D7vtsGF3yZMIsn4gPDO64kMmGA3obM",
    "expire_date": "2025-11-02T23:40:09.992Z"
  }
},
{
  "model": "sessions.session",
  "pk": "bjp4cnkj5gyj9qqtfw47egmysu3yoq1z",
  "fields": {
    "session_data": "e30:1vB1qx:uyre690Ic3X9V-wkaUD5xR02weenXDifZd_Nvw5zf8w",
    "expire_date": "2025-11-04T02:11:59.346Z"
  }
},
{
  "model": "sessions.session",
  "pk": "bogmpmkxkjo570muq9oigzfgpomu8xtd",
  "fields": {
    "session_data": "e30:1vB1rp:CoK-bk-adEe0pCNkyyyzd9LkhMLLLtfiuAxHAyrI6ys",
    "expire_date": "2025-11-04T02:12:53.109Z"
  }
},
{
  "model": "sessions.session",
  "pk": "c47bc2aa4s0njy1mqx9atn39p47ysr95",
  "fields": {
    "session_data": ".eJxVjDsOwyAQBe9CbSEvmAVSps8Z0PILTiKQjF1FuXtiyUXcvpl5b-ZoW4vbelrcHNmFARv-N0_hmeoO4oPqvfHQ6rrMnu8KP2jntxbT63q4p4NCvfxqRAQwlrJWWsGkg0LQY7I4CtQmBk9eUDaYJ2-VFBmUJBFlIEMgMkn2-QK1NjdD:1uWliw:brGCf9ttz0Ch_-iJjIwAHTFoCVF9TisV9p7GF-MiVv8",
    "expire_date": "2025-07-16T00:53:18.170Z"
  }
},
{
  "model": "sessions.session",
  "pk": "ci6h2nvu69tyjqrtbrekkda5uqucah0v",
  "fields": {
    "session_data": "e30:1vB1qx:uyre690Ic3X9V-wkaUD5xR02weenXDifZd_Nvw5zf8w",
    "expire_date": "2025-11-04T02:11:59.370Z"
  }
},
{
  "model": "sessions.session",
  "pk": "cjd7lseckqjv9mtcqoqxa8qwssryi637",
  "fields": {
    "session_data": "e30:1vAf18:eW8eZzlCvowrTcgftwGAAZtRNIpyX8nphWm6zHwmAnU",
    "expire_date": "2025-11-03T01:48:58.812Z"
  }
},
{
  "model": "sessions.session",
  "pk": "cohv2u3fjzepeyzovsffr99sbxflqwql",
  "fields": {
    "session_data": "e30:1vB1Y1:TxfsgFhM5ZBBShZupJ5ZIM3xTWuloyXg9Bu_m1tl9Lc",
    "expire_date": "2025-11-04T01:52:25.768Z"
  }
},
{
  "model": "sessions.session",
  "pk": "datel08fh49pgvxlzxmncgqgfektn64n",
  "fields": {
    "session_data": "e30:1vB1sj:-y5kQxipRblX3_yshvef_Mr5hVEOmg2Zt0sW7_cnkG8",
    "expire_date": "2025-11-04T02:13:49.687Z"
  }
},
{
  "model": "sessions.session",
  "pk": "dcmgbpgpr2dc5klzb23it7fkwt9rb8zw",
  "fields": {
    "session_data": "e30:1vB1qs:mwA6tO1jPMc1NMX2s-oDUF_5cH4BD4B36NdzJwIIklE",
    "expire_date": "2025-11-04T02:11:54.043Z"
  }
},
{
  "model": "sessions.session",
  "pk": "do810o5988xfrfh4vzyo9yovp2vcu7ti",
  "fields": {
    "session_data": ".eJxVjDsOwyAQBe9CbSEvmAVSps8Z0PILTiKQjF1FuXtiyUXcvpl5b-ZoW4vbelrcHNmFARv-N0_hmeoO4oPqvfHQ6rrMnu8KP2jntxbT63q4p4NCvfxqRAQwlrJWWsGkg0LQY7I4CtQmBk9eUDaYJ2-VFBmUJBFlIEMgMkn2-QK1NjdD:1upuDp:R87SHzFfkAZMDP3T_2epDixezWUz_Iurgyx8JJSmJZ0",
    "expire_date": "2025-09-06T19:48:17.034Z"
  }
},
{
  "model": "sessions.session",
  "pk": "dpwzd38773g1l263doa3mp7ytadlycme",
  "fields": {
    "session_data": "e30:1vBM9t:y43TFpsw3ShsJgP6BhRtOVFcUegzXMQ79aS2eBWILmc",
    "expire_date": "2025-11-04T23:52:53.853Z"
  }
},
{
  "model": "sessions.session",
  "pk": "drqojjfb618yr738b202ottltg6vfd0c",
  "fields": {
    "session_data": "e30:1vB2TW:92vrsogn5yVmQqnZwUA1dZm8VpvNOD7pj-2qkgzJliY",
    "expire_date": "2025-11-04T02:51:50.949Z"
  }
},
{
  "model": "sessions.session",
  "pk": "dspjm32b65yxu8xo120js2zho90hv0s5",
  "fields": {
    "session_data": "e30:1vAg9q:KtZ54598PRoHN9hnecn4fQFPDI5eKOna2bUMmVyXWDc",
    "expire_date": "2025-11-03T03:02:02.898Z"
  }
},
{
  "model": "sessions.session",
  "pk": "dtzefzm34yrdxtbs1528ybu8umj55uk3",
  "fields": {
    "session_data": "e30:1vB1ko:PSOpvlwHJVIHImceJ_Iwv-XDjM7jjzL6xph_vwNLEPg",
    "expire_date": "2025-11-04T02:05:38.891Z"
  }
},
{
  "model": "sessions.session",
  "pk": "dwfohj1apx4qphhh7hhl2ft14r8tefzi",
  "fields": {
    "session_data": "e30:1vBM6I:xDMMqdctUoztcrQO7X1KHfYSml2lstDWCQF8nCCE1IA",
    "expire_date": "2025-11-04T23:49:10.899Z"
  }
},
{
  "model": "sessions.session",
  "pk": "e66m04ktt3xsxkz1bmta3cj7urcpszum",
  "fields": {
    "session_data": "e30:1vAcyj:YtvsEFI6ntnwFPTpn-_Jo3rCDfXcKiFzIb9JUzsUUp4",
    "expire_date": "2025-11-02T23:38:21.534Z"
  }
},
{
  "model": "sessions.session",
  "pk": "egzywx4h07k4bmfxw8lzoavw311ai8k8",
  "fields": {
    "session_data": "e30:1vAfGw:DrAUu4A5Bg3boRvf8v3RNu407YZcCx5CgZ8p5WrKdW0",
    "expire_date": "2025-11-03T02:05:18.257Z"
  }
},
{
  "model": "sessions.session",
  "pk": "ehzg6sqr7jcrm4wnaitwx98el36psdr8",
  "fields": {
    "session_data": "e30:1vAcrG:Ul8zOaHz62KlXex1NR5ntSAD1VJc5OofNzuGPW2So9s",
    "expire_date": "2025-11-02T23:30:38.258Z"
  }
},
{
  "model": "sessions.session",
  "pk": "emf8zx6wm3x4b9lhqdi63vd9glwh4ote",
  "fields": {
    "session_data": "e30:1vAewn:IIw7syDNcfT4WIngpg_uCMb_8BJXoFOmcGJCuiNAeDs",
    "expire_date": "2025-11-03T01:44:29.509Z"
  }
},
{
  "model": "sessions.session",
  "pk": "emt2qx9v1lm9vcj4or68ddags4dzcnzn",
  "fields": {
    "session_data": "e30:1vAfI3:t1lVsNtKKGjPdyQneyKyOnjGdhG_MijBMnbC2VlNwGo",
    "expire_date": "2025-11-03T02:06:27.566Z"
  }
},
{
  "model": "sessions.session",
  "pk": "f4un9qm2exu482lo713vuvf50sw37r7m",
  "fields": {
    "session_data": "e30:1vB1Y9:KUFo7H9jj3m9Jf9dpxIvJj3tURC69fco_y4zFEI9BKA",
    "expire_date": "2025-11-04T01:52:33.566Z"
  }
},
{
  "model": "sessions.session",
  "pk": "fb5uiqq1aa5y6b3l1jl5wkc9k1t2ml9y",
  "fields": {
    "session_data": "e30:1vB1XR:ttXM3SSROPqCzC0lZXT9kn6dWbjxAmoRwHmC4fzJPZw",
    "expire_date": "2025-11-04T01:51:49.091Z"
  }
},
{
  "model": "sessions.session",
  "pk": "frcmdfi7yu3e0sq29ugwiryn3a4v0wle",
  "fields": {
    "session_data": "e30:1vB1s2:3HPGUwBykin2EtGfNc3cb51qQzgmdKJepzLGxQQGiRU",
    "expire_date": "2025-11-04T02:13:06.854Z"
  }
},
{
  "model": "sessions.session",
  "pk": "fssrhptgybx0e25z56kofla5g86gd4zn",
  "fields": {
    "session_data": "e30:1vAfl8:XVwYLLk8X_uG6-wirRgK5WIGGLF_I-jI8D9LhedIwZ4",
    "expire_date": "2025-11-03T02:36:30.232Z"
  }
},
{
  "model": "sessions.session",
  "pk": "fu1zuqafxarrc53nmvk0i6n6zqxi7v6p",
  "fields": {
    "session_data": "e30:1vAg2R:bG3Cr02AyTOyxiY_xwLVA5dTaBW3ubr_bEgy5i8ulF4",
    "expire_date": "2025-11-03T02:54:23.739Z"
  }
},
{
  "model": "sessions.session",
  "pk": "fuyk8dhed7svwwpyqpnefgqsymlcyzei",
  "fields": {
    "session_data": ".eJxVjDsOwyAQBe9CbSEvmAVSps8Z0PILTiKQjF1FuXtiyUXcvpl5b-ZoW4vbelrcHNmFARv-N0_hmeoO4oPqvfHQ6rrMnu8KP2jntxbT63q4p4NCvfxqRAQwlrJWWsGkg0LQY7I4CtQmBk9eUDaYJ2-VFBmUJBFlIEMgMkn2-QK1NjdD:1ufPCB:sgq0VcvjpcJY3KrXLxmQytJG63Yg5OfMVwR4An7V12A",
    "expire_date": "2025-08-08T20:39:11.684Z"
  }
},
{
  "model": "sessions.session",
  "pk": "g0yiwjz49ski96ln41iuw0n8jmjqilw9",
  "fields": {
    "session_data": "e30:1vAf5U:XxR3vY4kk3FbCXTolblGEj5suiGKpy0gKmO17Uj4OoI",
    "expire_date": "2025-11-03T01:53:28.636Z"
  }
},
{
  "model": "sessions.session",
  "pk": "geupgybujzm4ltovrkjhtdny9f5zjfgc",
  "fields": {
    "session_data": "e30:1vB1qx:uyre690Ic3X9V-wkaUD5xR02weenXDifZd_Nvw5zf8w",
    "expire_date": "2025-11-04T02:11:59.323Z"
  }
},
{
  "model": "sessions.session",
  "pk": "gfuvtnj889kpi0z1n89zq0a237yy6aln",
  "fields": {
    "session_data": "e30:1vAfup:f006CcVQYYsYqS9sUyLGCUycsYNJE9gD_Wj5VAYsNVw",
    "expire_date": "2025-11-03T02:46:31.201Z"
  }
},
{
  "model": "sessions.session",
  "pk": "gjm420vixmqfdgp8jb0mt5m7ryzmszny",
  "fields": {
    "session_data": "e30:1vB1v5:W6w8Ee8ira-DY-Gqntlj0moM2AuZCxRQPFiFGgrd7hU",
    "expire_date": "2025-11-04T02:16:15.451Z"
  }
},
{
  "model": "sessions.session",
  "pk": "gonhen34nwtd3jmgdur8365rgodgsx46",
  "fields": {
    "session_data": "e30:1vAfgQ:zdvnAvDyBsq8olbP6cX-wDcDtdpgYk0TC5erZZS65Dc",
    "expire_date": "2025-11-03T02:31:38.845Z"
  }
},
{
  "model": "sessions.session",
  "pk": "gtrbgcif25lvlag3touwmgjh7gdiq980",
  "fields": {
    "session_data": "e30:1vAfEC:d3-vETGe6MsDsq5g9BJcDSfg3_qrCptRTh0B9pplHrY",
    "expire_date": "2025-11-03T02:02:28.553Z"
  }
},
{
  "model": "sessions.session",
  "pk": "gx4g41jblu4i6my05ugq9303kkamdivc",
  "fields": {
    "session_data": "e30:1vAfff:Tx-1esZM3VP9JHjl_o7UwvGO20AMrN3WBlMvdzR7ZZA",
    "expire_date": "2025-11-03T02:30:51.454Z"
  }
},
{
  "model": "sessions.session",
  "pk": "h147emb6pnrgt56nwwjweq0fmzmjrsu6",
  "fields": {
    "session_data": "e30:1vAf4D:bsRDdq5OzcDujqF5JkPDuFyjK_UrJaYkS-isII_tyVk",
    "expire_date": "2025-11-03T01:52:09.430Z"
  }
},
{
  "model": "sessions.session",
  "pk": "h2f021siapcfg81i0i5o722d76eij7u4",
  "fields": {
    "session_data": "e30:1vAfdR:avTuDpJGtHW3Fo95PouTM4Zg2xCloidRV-bp6tdos9Y",
    "expire_date": "2025-11-03T02:28:33.203Z"
  }
},
{
  "model": "sessions.session",
  "pk": "h6klz7fafhkr9m72wlfgne5t443s0f09",
  "fields": {
    "session_data": "e30:1vB1qv:yFCtcYIIQ2uprn72uG6RqqSm4B9uKjxypr-qpi8Lo0U",
    "expire_date": "2025-11-04T02:11:57.562Z"
  }
},
{
  "model": "sessions.session",
  "pk": "h7f0egab7upb0mj13t7o96p5xu8r5nrp",
  "fields": {
    "session_data": "e30:1vBM9y:g4BGESs9lzL1EGro9cQWDCX9V9gqBsNG48nBmPTrXk8",
    "expire_date": "2025-11-04T23:52:58.262Z"
  }
},
{
  "model": "sessions.session",
  "pk": "hbkggkx6wgi5x3gpso8vv5w9bedsjix5",
  "fields": {
    "session_data": "e30:1vB1Yj:k6U-WhwHtV2_qLcZ7XkQDsObAAjkWJP9YWdSGy77CG4",
    "expire_date": "2025-11-04T01:53:09.927Z"
  }
},
{
  "model": "sessions.session",
  "pk": "hchuxd0bniysvb7471xdmuqnrrahdghi",
  "fields": {
    "session_data": "e30:1vB1ko:PSOpvlwHJVIHImceJ_Iwv-XDjM7jjzL6xph_vwNLEPg",
    "expire_date": "2025-11-04T02:05:38.827Z"
  }
},
{
  "model": "sessions.session",
  "pk": "hdkip7xvwcj2v2rpkhbdeu9194osvs8e",
  "fields": {
    "session_data": "e30:1vAfgo:H_yN-JTA9Aht2F5FocFexhInQkhnZ2tROCJ1GJ9hX-4",
    "expire_date": "2025-11-03T02:32:02.577Z"
  }
},
{
  "model": "sessions.session",
  "pk": "hfkqz5pu9ejiowun3vzbloc7u8jet7dn",
  "fields": {
    "session_data": "e30:1vBM0T:b-6eux0yzbxJLMWIBhgKXKNB8bJmOjFldWRm_Gd7B5g",
    "expire_date": "2025-11-04T23:43:09.864Z"
  }
},
{
  "model": "sessions.session",
  "pk": "hkpbcalf803m0ns6qrta7zck1pyyrtlr",
  "fields": {
    "session_data": "e30:1vB1YT:7c08K0sGKwoaNgBv0IcUpuBFFPrc6oJcIdCT-IHQUAQ",
    "expire_date": "2025-11-04T01:52:53.018Z"
  }
},
{
  "model": "sessions.session",
  "pk": "hlh1zos8jv56jacwqpcrbg6lj3tw1r46",
  "fields": {
    "session_data": "e30:1vAdBL:t8qcbrKMpJDEjoop2iuLMv1ASmntB8mliahHgw2jHKA",
    "expire_date": "2025-11-02T23:51:23.957Z"
  }
},
{
  "model": "sessions.session",
  "pk": "hmcmiapxh9a4ubmrefbzz1oyr5vtsfrm",
  "fields": {
    "session_data": "e30:1vAfGw:DrAUu4A5Bg3boRvf8v3RNu407YZcCx5CgZ8p5WrKdW0",
    "expire_date": "2025-11-03T02:05:18.301Z"
  }
},
{
  "model": "sessions.session",
  "pk": "i3l23obngs1aj0i8jf9sst7ei8nfgaxi",
  "fields": {
    "session_data": "e30:1vB1qt:vrZ4Q-mm414564e0BmOhIgEcslzshJipei1F2dyZFx0",
    "expire_date": "2025-11-04T02:11:55.926Z"
  }
},
{
  "model": "sessions.session",
  "pk": "i56yswj9ahbfgu7zcx6u9t1ufxcy2w2x",
  "fields": {
    "session_data": "e30:1vAczu:31VAQ7s6hpAXGS378un6lsj4-8g2TW5JOhfkruC5kCI",
    "expire_date": "2025-11-02T23:39:34.297Z"
  }
},
{
  "model": "sessions.session",
  "pk": "id34fcfqxz2wdimanjpbuajpf35pg4i9",
  "fields": {
    "session_data": "e30:1vBM65:JWey-Adilkp4stmRPaDiSXsotfkKKMzRWGumqR-BaYI",
    "expire_date": "2025-11-04T23:48:57.158Z"
  }
},
{
  "model": "sessions.session",
  "pk": "if6wdqlbd5nsk6nnazgz8lvxduoo94ol",
  "fields": {
    "session_data": "e30:1vAfl8:XVwYLLk8X_uG6-wirRgK5WIGGLF_I-jI8D9LhedIwZ4",
    "expire_date": "2025-11-03T02:36:30.267Z"
  }
},
{
  "model": "sessions.session",
  "pk": "ikhe6socrj4eskzbolvus4oz2ef3f9ss",
  "fields": {
    "session_data": "e30:1vAdBL:t8qcbrKMpJDEjoop2iuLMv1ASmntB8mliahHgw2jHKA",
    "expire_date": "2025-11-02T23:51:23.318Z"
  }
},
{
  "model": "sessions.session",
  "pk": "iv4qu0d2jqz4y8x09hyw8j7bpl3288y9",
  "fields": {
    "session_data": "e30:1vAg3Z:xIGdcR4JKFgskDErMkkkyE-4vFwrhYnPV4zvCWJsuKA",
    "expire_date": "2025-11-03T02:55:33.020Z"
  }
},
{
  "model": "sessions.session",
  "pk": "izs38cp8m9w0yaav0gyh6usl65uhpuic",
  "fields": {
    "session_data": "e30:1vBMGk:KNTpxkv87djSpMZlBF0aH6uzfBZqu_h43FRQE_Og3-k",
    "expire_date": "2025-11-04T23:59:58.207Z"
  }
},
{
  "model": "sessions.session",
  "pk": "j1l5zxobbezm5ukqoh5dwmvo150g8xn6",
  "fields": {
    "session_data": "e30:1vAfS7:HwjVXq91v92J-FmpH20T4Dastp4Gpf3qG0Ka5tZ5z1A",
    "expire_date": "2025-11-03T02:16:51.238Z"
  }
},
{
  "model": "sessions.session",
  "pk": "jafjfsv896nfx4e1drn596wkzjbzrmjc",
  "fields": {
    "session_data": "e30:1vBM6L:PuDrHW86ybwzZZiwi3FWL6zNKEkor8bAaiq8120SxhA",
    "expire_date": "2025-11-04T23:49:13.856Z"
  }
},
{
  "model": "sessions.session",
  "pk": "k3hhjdg32us7py37hh5obix6979bpb5i",
  "fields": {
    "session_data": "e30:1vAewW:DK2UW3XgOzNdjzF8T7PamulKvrwtvjBhmpGBDDcU8VY",
    "expire_date": "2025-11-03T01:44:12.830Z"
  }
},
{
  "model": "sessions.session",
  "pk": "k9g8yuh8l8fmt4dzjlb65yka6neulul1",
  "fields": {
    "session_data": "e30:1vAfgm:JrkNASPW5uorBA8VAwGGgahhMhjj5Hz9XMjWrv_u-pU",
    "expire_date": "2025-11-03T02:32:00.150Z"
  }
},
{
  "model": "sessions.session",
  "pk": "l1rs2qxtb1pldo9bdpf8qhqpiwjgpa9k",
  "fields": {
    "session_data": "e30:1vBM9y:g4BGESs9lzL1EGro9cQWDCX9V9gqBsNG48nBmPTrXk8",
    "expire_date": "2025-11-04T23:52:58.199Z"
  }
},
{
  "model": "sessions.session",
  "pk": "laz63dyvvbckgjgxhv0umcghrg893ps6",
  "fields": {
    "session_data": "e30:1vBM6I:xDMMqdctUoztcrQO7X1KHfYSml2lstDWCQF8nCCE1IA",
    "expire_date": "2025-11-04T23:49:10.874Z"
  }
},
{
  "model": "sessions.session",
  "pk": "lbkeuq9651vuk3hychdccesnnk0nwoo8",
  "fields": {
    "session_data": "e30:1vAfva:Vug6_FSe3uHwTisPcrpFroRpdTRhoLwbYNKs3gTOi1k",
    "expire_date": "2025-11-03T02:47:18.536Z"
  }
},
{
  "model": "sessions.session",
  "pk": "le1ihqo3a5banbgfenxy1tkwbyqalmh5",
  "fields": {
    "session_data": "e30:1vAg3Y:o_oq4UmP3BHBBfqT-GsJefndXYHDNudnJR-qf0dw2os",
    "expire_date": "2025-11-03T02:55:32.995Z"
  }
},
{
  "model": "sessions.session",
  "pk": "lg7awxwqqlg8iuxyi10qnonqlwg0rvh1",
  "fields": {
    "session_data": "e30:1vAfVq:RtcpA2TV-SbAVYyACV-3_1kpNwqX4DNgv5nneyzpQx4",
    "expire_date": "2025-11-03T02:20:42.402Z"
  }
},
{
  "model": "sessions.session",
  "pk": "lw20mkpa6l6pjboyv391upxtkpkj3jt9",
  "fields": {
    "session_data": ".eJxVjDsOwyAQBe9CbSEvmAVSps8Z0PILTiKQjF1FuXtiyUXcvpl5b-ZoW4vbelrcHNmFARv-N0_hmeoO4oPqvfHQ6rrMnu8KP2jntxbT63q4p4NCvfxqRAQwlrJWWsGkg0LQY7I4CtQmBk9eUDaYJ2-VFBmUJBFlIEMgMkn2-QK1NjdD:1uyJOM:TLBLqvWSohHoef0S0HHfukKq3VsGfLGSheEFASKusSA",
    "expire_date": "2025-09-30T00:17:54.335Z"
  }
},
{
  "model": "sessions.session",
  "pk": "m0smsub2cg4sdes6ci97l28d795mrmne",
  "fields": {
    "session_data": "e30:1vAfVq:RtcpA2TV-SbAVYyACV-3_1kpNwqX4DNgv5nneyzpQx4",
    "expire_date": "2025-11-03T02:20:42.378Z"
  }
},
{
  "model": "sessions.session",
  "pk": "m5iw9k9kjzqg20elahaa02698az2nhwp",
  "fields": {
    "session_data": "e30:1vAfc5:UiXdB6CDivDAtfuB8LEA1ah8YN_3wiWZoxVBQc6jx9M",
    "expire_date": "2025-11-03T02:27:09.115Z"
  }
},
{
  "model": "sessions.session",
  "pk": "m5paryyhl99qf7jqt0q5icqboh3a68mf",
  "fields": {
    "session_data": "e30:1vB1Y9:KUFo7H9jj3m9Jf9dpxIvJj3tURC69fco_y4zFEI9BKA",
    "expire_date": "2025-11-04T01:52:33.493Z"
  }
},
{
  "model": "sessions.session",
  "pk": "m65r9qao669xmopvuyedlyijr77yk36a",
  "fields": {
    "session_data": "e30:1vAfh3:FTLVtwoCKIiSzo4QpmhWVVW0awVv-dXSs1RU0fYzAtc",
    "expire_date": "2025-11-03T02:32:17.128Z"
  }
},
{
  "model": "sessions.session",
  "pk": "mpmdr8fqdjq9ok6cz2lihsuix15vagts",
  "fields": {
    "session_data": "e30:1vAfVr:sYNrCThE5_PFZWIN2ZW1_GYb6s5W4wCQlLX_E4kFYyk",
    "expire_date": "2025-11-03T02:20:43.188Z"
  }
},
{
  "model": "sessions.session",
  "pk": "n7o1ay54vmcfugk1haa5cvk7olti9oir",
  "fields": {
    "session_data": "e30:1vAez9:Ch8SsjkuvQ3EUOUU76YOlLL8EruJH7P4s15aaILkm_E",
    "expire_date": "2025-11-03T01:46:55.822Z"
  }
},
{
  "model": "sessions.session",
  "pk": "n9gj19iu4jsvq4hoy6n90n9ylrdbd3ib",
  "fields": {
    "session_data": "e30:1vBM9y:g4BGESs9lzL1EGro9cQWDCX9V9gqBsNG48nBmPTrXk8",
    "expire_date": "2025-11-04T23:52:58.341Z"
  }
},
{
  "model": "sessions.session",
  "pk": "na08u6zor2l14zmhxeep4w616fdv0zxp",
  "fields": {
    "session_data": "e30:1vAd0Q:MrbGwW2GfBS6sPBi4whcTeTlE54qluDLN7cnzVE4xSI",
    "expire_date": "2025-11-02T23:40:06.424Z"
  }
},
{
  "model": "sessions.session",
  "pk": "nb4z9x53saji41oxsyk08tqpub1uv0zd",
  "fields": {
    "session_data": "e30:1vAfva:Vug6_FSe3uHwTisPcrpFroRpdTRhoLwbYNKs3gTOi1k",
    "expire_date": "2025-11-03T02:47:18.552Z"
  }
},
{
  "model": "sessions.session",
  "pk": "nckwja76alsl02pwwuz8c9b0qr5gr4ns",
  "fields": {
    "session_data": "e30:1vAewW:DK2UW3XgOzNdjzF8T7PamulKvrwtvjBhmpGBDDcU8VY",
    "expire_date": "2025-11-03T01:44:12.808Z"
  }
},
{
  "model": "sessions.session",
  "pk": "ncsbtimsxbkr23rh4fl35kwue6fuxrby",
  "fields": {
    "session_data": "e30:1vAfS7:HwjVXq91v92J-FmpH20T4Dastp4Gpf3qG0Ka5tZ5z1A",
    "expire_date": "2025-11-03T02:16:51.255Z"
  }
},
{
  "model": "sessions.session",
  "pk": "nf72ho709xclx9rt97g3zpzd3nez132j",
  "fields": {
    "session_data": "e30:1vBM9r:UHXFVEHMRQm0QSlCNYJlo7WobfbzWV6O66azCgqzTsE",
    "expire_date": "2025-11-04T23:52:51.421Z"
  }
},
{
  "model": "sessions.session",
  "pk": "nhtgj8v438awjobdpico0o9srk1imaof",
  "fields": {
    "session_data": "e30:1vAczu:31VAQ7s6hpAXGS378un6lsj4-8g2TW5JOhfkruC5kCI",
    "expire_date": "2025-11-02T23:39:34.281Z"
  }
},
{
  "model": "sessions.session",
  "pk": "njuxd9gzmf0g8d8kcc929cmjcu4r3839",
  "fields": {
    "session_data": "e30:1vAdIw:_MxTH0q9Meacr9xjL5eDxG8y-u6wqryVmPNYsLzV31k",
    "expire_date": "2025-11-02T23:59:14.738Z"
  }
},
{
  "model": "sessions.session",
  "pk": "nqic6cu6vf555031ybnoidxhr0p964r9",
  "fields": {
    "session_data": "e30:1vAfdy:PhO3KA3oOx0ZTejqJRA6CV38psaF-sWMPkQSI4wuvhQ",
    "expire_date": "2025-11-03T02:29:06.418Z"
  }
},
{
  "model": "sessions.session",
  "pk": "nrsw7bh7qo12aqf5dn9o66hpt47f84s6",
  "fields": {
    "session_data": "e30:1vB1Yj:k6U-WhwHtV2_qLcZ7XkQDsObAAjkWJP9YWdSGy77CG4",
    "expire_date": "2025-11-04T01:53:09.906Z"
  }
},
{
  "model": "sessions.session",
  "pk": "o0py1mytdwhlezylk3qdkl0a58h2y80d",
  "fields": {
    "session_data": "e30:1vB1Yt:MvkqIQThOQar6CQgxuHHM-YqxU14NbCx3dOSL-E0BMM",
    "expire_date": "2025-11-04T01:53:19.915Z"
  }
},
{
  "model": "sessions.session",
  "pk": "oauft7wdw67iqencv9fpwmuemmlu0zux",
  "fields": {
    "session_data": "e30:1vAfl8:XVwYLLk8X_uG6-wirRgK5WIGGLF_I-jI8D9LhedIwZ4",
    "expire_date": "2025-11-03T02:36:30.286Z"
  }
},
{
  "model": "sessions.session",
  "pk": "oceq6bzdlecok60jnec2ioa09ee9kb4b",
  "fields": {
    "session_data": "e30:1vAfkq:OW59YNOHFrd4xaGsm3-iBcBQwWDlEagERhtS5we4nV0",
    "expire_date": "2025-11-03T02:36:12.897Z"
  }
},
{
  "model": "sessions.session",
  "pk": "odlrmyehcnxev42oy7c55htvptam7fw4",
  "fields": {
    "session_data": ".eJxVjDsOwyAQBe9CbSEvmAVSps8Z0PILTiKQjF1FuXtiyUXcvpl5b-ZoW4vbelrcHNmFARv-N0_hmeoO4oPqvfHQ6rrMnu8KP2jntxbT63q4p4NCvfxqRAQwlrJWWsGkg0LQY7I4CtQmBk9eUDaYJ2-VFBmUJBFlIEMgMkn2-QK1NjdD:1vGp5q:g-lPHbHKDT5dq8w502pelSC_meNhRPwDmspEnLy_sEw",
    "expire_date": "2025-11-20T01:47:18.607Z"
  }
},
{
  "model": "sessions.session",
  "pk": "ogkjkmosil0p6iwo1v3f47lytl0gt51w",
  "fields": {
    "session_data": "e30:1vBM9y:g4BGESs9lzL1EGro9cQWDCX9V9gqBsNG48nBmPTrXk8",
    "expire_date": "2025-11-04T23:52:58.295Z"
  }
},
{
  "model": "sessions.session",
  "pk": "ogo8v4ifyhcwkuryy512k9zq34px5d7i",
  "fields": {
    "session_data": "e30:1vB1kl:vUUpKzWoIJjR9UkbniyGgIh-0aw6ZkLbNGJlOAn3tQM",
    "expire_date": "2025-11-04T02:05:35.594Z"
  }
},
{
  "model": "sessions.session",
  "pk": "ohnslvgmw5fuxvp2nbb3ho17ze151jta",
  "fields": {
    "session_data": "e30:1vB1v5:W6w8Ee8ira-DY-Gqntlj0moM2AuZCxRQPFiFGgrd7hU",
    "expire_date": "2025-11-04T02:16:15.394Z"
  }
},
{
  "model": "sessions.session",
  "pk": "ol2l41w6n76t76s1nhg82eik9tsctrma",
  "fields": {
    "session_data": "e30:1vB1kS:jeONZGWeByVDnVJsgL50Pju5lbYh1ms2x5rrqt0Zd1o",
    "expire_date": "2025-11-04T02:05:16.625Z"
  }
},
{
  "model": "sessions.session",
  "pk": "oo3urtwbvkq2jd52uq85ccttp3rewob6",
  "fields": {
    "session_data": ".eJxVjMsOwiAURP-FtSG85BaX7v0GAtyLVA0kpV0Z_12adKHLOXNm3syHbS1-67T4GdmFSXb6ZTGkJ9W9wEeo98ZTq-syR74r_Gg7vzWk1_Vw_w5K6GWsIZ8BpxgIbCKagKJ0JEwWSTkYzGQHWYVskx45GUuICklLoZ3QYNjnCwIyOCc:1vUXnU:QaiHB3krXlNFxRfohY1QHfd-LBz_V74qwSacop7j2hY",
    "expire_date": "2025-12-27T22:09:04.714Z"
  }
},
{
  "model": "sessions.session",
  "pk": "oqz8dwlly52x4jnha012cc8297sp9qda",
  "fields": {
    "session_data": "e30:1vB1qx:uyre690Ic3X9V-wkaUD5xR02weenXDifZd_Nvw5zf8w",
    "expire_date": "2025-11-04T02:11:59.393Z"
  }
},
{
  "model": "sessions.session",
  "pk": "p0tb4abzmu2nh5nsg3qmeh9qetrbrbgn",
  "fields": {
    "session_data": "e30:1vAfS6:XQAemDhMxky-YIV2BxdX1kllxg9SwgmKzwEEQ0c8Qrw",
    "expire_date": "2025-11-03T02:16:50.600Z"
  }
},
{
  "model": "sessions.session",
  "pk": "p2npwl2mn3th32r4jq45mgj000c24bdw",
  "fields": {
    "session_data": "e30:1vAfff:Tx-1esZM3VP9JHjl_o7UwvGO20AMrN3WBlMvdzR7ZZA",
    "expire_date": "2025-11-03T02:30:51.439Z"
  }
},
{
  "model": "sessions.session",
  "pk": "pg6o5hkomjx5dmr19siwa95ujrb4n1h7",
  "fields": {
    "session_data": "e30:1vBM6I:xDMMqdctUoztcrQO7X1KHfYSml2lstDWCQF8nCCE1IA",
    "expire_date": "2025-11-04T23:49:10.880Z"
  }
},
{
  "model": "sessions.session",
  "pk": "pjgrhih9o095l9rxw1ibxcupth9ug4rb",
  "fields": {
    "session_data": "e30:1vAezm:B2euTNRr9eZOrodzp7eIHE0PLeJQKIWtgNMWXi9dyv0",
    "expire_date": "2025-11-03T01:47:34.418Z"
  }
},
{
  "model": "sessions.session",
  "pk": "pqkfq4qc4ul7x9mwm4chl0r6aemsnwqp",
  "fields": {
    "session_data": "e30:1vAg2R:bG3Cr02AyTOyxiY_xwLVA5dTaBW3ubr_bEgy5i8ulF4",
    "expire_date": "2025-11-03T02:54:23.710Z"
  }
},
{
  "model": "sessions.session",
  "pk": "purchknu8m3depas5gpxhh346jouunxt",
  "fields": {
    "session_data": "e30:1vB1Yt:MvkqIQThOQar6CQgxuHHM-YqxU14NbCx3dOSL-E0BMM",
    "expire_date": "2025-11-04T01:53:19.825Z"
  }
},
{
  "model": "sessions.session",
  "pk": "pz922goni79zvy255uqyfr2bl28sh3a4",
  "fields": {
    "session_data": ".eJxVjDsOwyAQBe9CbSEvmAVSps8Z0PILTiKQjF1FuXtiyUXcvpl5b-ZoW4vbelrcHNmFARv-N0_hmeoO4oPqvfHQ6rrMnu8KP2jntxbT63q4p4NCvfxqRAQwlrJWWsGkg0LQY7I4CtQmBk9eUDaYJ2-VFBmUJBFlIEMgMkn2-QK1NjdD:1vAb0N:ruuIDVfa_ugMCTfTUH4pu97rZKmtkeflhP-wc2W6rrM",
    "expire_date": "2025-11-02T21:31:55.169Z"
  }
},
{
  "model": "sessions.session",
  "pk": "q4bjvu3l4damaple8q3yxdo73dinypff",
  "fields": {
    "session_data": "e30:1vB1s2:3HPGUwBykin2EtGfNc3cb51qQzgmdKJepzLGxQQGiRU",
    "expire_date": "2025-11-04T02:13:06.910Z"
  }
},
{
  "model": "sessions.session",
  "pk": "q5mjqjosfa5rcfs7yavv2vs8doc23340",
  "fields": {
    "session_data": "e30:1vAfkq:OW59YNOHFrd4xaGsm3-iBcBQwWDlEagERhtS5we4nV0",
    "expire_date": "2025-11-03T02:36:12.919Z"
  }
},
{
  "model": "sessions.session",
  "pk": "q897n0ldnu8w1axb9hj2zmu1ic3mf6r7",
  "fields": {
    "session_data": "e30:1vAfI3:t1lVsNtKKGjPdyQneyKyOnjGdhG_MijBMnbC2VlNwGo",
    "expire_date": "2025-11-03T02:06:27.582Z"
  }
},
{
  "model": "sessions.session",
  "pk": "qprtok7iwhaa70d4g5d103tljjry8ys3",
  "fields": {
    "session_data": "e30:1vB1Yl:YGXo75-2bPQa8QOTe8m5akm-hYq2kJs9d7Kk4Ud1NEA",
    "expire_date": "2025-11-04T01:53:11.233Z"
  }
},
{
  "model": "sessions.session",
  "pk": "rcicakoxuyc201nm01klawldywq7ek1f",
  "fields": {
    "session_data": ".eJxVjMsOwiAURP-FtSG85BaX7v0GAtyLVA0kpV0Z_12adKHLOXNm3syHbS1-67T4GdmFSXb6ZTGkJ9W9wEeo98ZTq-syR74r_Gg7vzWk1_Vw_w5K6GWsIZ8BpxgIbCKagKJ0JEwWSTkYzGQHWYVskx45GUuICklLoZ3QYNjnCwIyOCc:1voNil:fZX-9LCbD41gq5WS6yuOD932RYZwgVBgETteLgo7PKw",
    "expire_date": "2026-02-20T15:26:11.165Z"
  }
},
{
  "model": "sessions.session",
  "pk": "rg2u1cdqhdt6o6r41rblxcorul9kgscz",
  "fields": {
    "session_data": "e30:1vAfS6:XQAemDhMxky-YIV2BxdX1kllxg9SwgmKzwEEQ0c8Qrw",
    "expire_date": "2025-11-03T02:16:50.617Z"
  }
},
{
  "model": "sessions.session",
  "pk": "rheb64otyxozxiuo8fbm3vmj6yeeqc9b",
  "fields": {
    "session_data": "e30:1vB1Y1:TxfsgFhM5ZBBShZupJ5ZIM3xTWuloyXg9Bu_m1tl9Lc",
    "expire_date": "2025-11-04T01:52:25.789Z"
  }
},
{
  "model": "sessions.session",
  "pk": "s88hzhjid6d1e84gqzauu1qt4gqunmk9",
  "fields": {
    "session_data": "e30:1vB1Yt:MvkqIQThOQar6CQgxuHHM-YqxU14NbCx3dOSL-E0BMM",
    "expire_date": "2025-11-04T01:53:19.782Z"
  }
},
{
  "model": "sessions.session",
  "pk": "sv6es165o9v2rk86mpruxno2gshki3op",
  "fields": {
    "session_data": "e30:1vBM65:JWey-Adilkp4stmRPaDiSXsotfkKKMzRWGumqR-BaYI",
    "expire_date": "2025-11-04T23:48:57.182Z"
  }
},
{
  "model": "sessions.session",
  "pk": "t51mhdn4o7flwic7ifjn660g829oelhd",
  "fields": {
    "session_data": "e30:1vAfEi:9da8UsA3uTlqJ-Wj_QPuPtOSfvMaxhVl6NiLOILt0K4",
    "expire_date": "2025-11-03T02:03:00.786Z"
  }
},
{
  "model": "sessions.session",
  "pk": "th2onpiddof4459wij1y5w73pqk8s2tm",
  "fields": {
    "session_data": "e30:1vAfdn:2Sq2QpdDoaBHwqLWnrM_LOBrO2ghtZ6XYJHujgQljhI",
    "expire_date": "2025-11-03T02:28:55.001Z"
  }
},
{
  "model": "sessions.session",
  "pk": "tiynzganl4xxqnpl93v52gc133cm4urv",
  "fields": {
    "session_data": "e30:1vAfGw:DrAUu4A5Bg3boRvf8v3RNu407YZcCx5CgZ8p5WrKdW0",
    "expire_date": "2025-11-03T02:05:18.253Z"
  }
},
{
  "model": "sessions.session",
  "pk": "tjd0bhsfrm3d8ef1h5ojdwmto3ucfkit",
  "fields": {
    "session_data": "e30:1vB1VQ:Fg2K7zBDjEKCahXVENs8NP4eG3Gmksxy5yZeNd4soUs",
    "expire_date": "2025-11-04T01:49:44.093Z"
  }
},
{
  "model": "sessions.session",
  "pk": "to59r8tyrul9i4eopatem83hofe3yabb",
  "fields": {
    "session_data": "e30:1vB1kb:Wx9_pf4v_CHg46anVuxsom0SjJ69c7Sd5z162-g97bk",
    "expire_date": "2025-11-04T02:05:25.572Z"
  }
},
{
  "model": "sessions.session",
  "pk": "tr3rno65510flejnx9fxuhizm324lp4e",
  "fields": {
    "session_data": "e30:1vBM9n:pBUvDF6an1rX28qC-qLUuQ-IjrV68WvOVXxeBdN9uPE",
    "expire_date": "2025-11-04T23:52:47.342Z"
  }
},
{
  "model": "sessions.session",
  "pk": "tsg0iljhvt1l0glpleowtjicy27zosyp",
  "fields": {
    "session_data": "e30:1vAfdm:lY1dQadZaZRI4FVo7PcvwHkWV3eXTcGwYc4RE2YOtR0",
    "expire_date": "2025-11-03T02:28:54.955Z"
  }
},
{
  "model": "sessions.session",
  "pk": "ty4z9wkkyq881wyk19gsvbe4y0w109ki",
  "fields": {
    "session_data": "e30:1vB1UN:-WRi8ixu_f38AZrSg0qJJvdybJLQnH-Ar4V_YeRovGo",
    "expire_date": "2025-11-04T01:48:39.705Z"
  }
},
{
  "model": "sessions.session",
  "pk": "u7g40th5rfvbqjkq4dwv2sbbh4yzwv9l",
  "fields": {
    "session_data": "e30:1vAful:_iOCl4mFPkuxwX97BXQSGcS8lKSUzd_2M3NIzcnywng",
    "expire_date": "2025-11-03T02:46:27.191Z"
  }
},
{
  "model": "sessions.session",
  "pk": "ucxs96gi8qu8bxhe8pxpxzf2d3bdx8j6",
  "fields": {
    "session_data": "e30:1vAdDt:UG48b-SPEoJP_eTjV74em24ZRjKACsyX2iSkl2Aes8o",
    "expire_date": "2025-11-02T23:54:01.872Z"
  }
},
{
  "model": "sessions.session",
  "pk": "uso063e62axwhqoyxljvdfyepsjt5cuh",
  "fields": {
    "session_data": "e30:1vAczt:rKXYt46uIWu27TjKWQb8AXeNyuEvN5zaJiNQ26xXZBk",
    "expire_date": "2025-11-02T23:39:33.318Z"
  }
},
{
  "model": "sessions.session",
  "pk": "uxojte7245amtc1kamj1rky8z3e40m8t",
  "fields": {
    "session_data": "e30:1vAcym:ZDNVie4xj5wdzZS61KGBDhLLA8NsAQPVLZyyqg0gALA",
    "expire_date": "2025-11-02T23:38:24.366Z"
  }
},
{
  "model": "sessions.session",
  "pk": "uxtpy6ip6pjdv9x5naqe3dea4qmiiz0f",
  "fields": {
    "session_data": "e30:1vAful:_iOCl4mFPkuxwX97BXQSGcS8lKSUzd_2M3NIzcnywng",
    "expire_date": "2025-11-03T02:46:27.863Z"
  }
},
{
  "model": "sessions.session",
  "pk": "uyipdmwgq87bvkfybpbmg3v4fjowlen1",
  "fields": {
    "session_data": ".eJxVjDsOwyAQBe9CbSEvmAVSps8Z0PILTiKQjF1FuXtiyUXcvpl5b-ZoW4vbelrcHNmFARv-N0_hmeoO4oPqvfHQ6rrMnu8KP2jntxbT63q4p4NCvfxqRAQwlrJWWsGkg0LQY7I4CtQmBk9eUDaYJ2-VFBmUJBFlIEMgMkn2-QK1NjdD:1vMEjV:V98sA2jA0G3SzbEKlIR1YVMBVl2s6b8FMQPQBMliLOI",
    "expire_date": "2025-12-05T00:10:37.683Z"
  }
},
{
  "model": "sessions.session",
  "pk": "v1ovt6nsgdjfem6vh5mcnbzsp8heobf0",
  "fields": {
    "session_data": "e30:1vB1kl:vUUpKzWoIJjR9UkbniyGgIh-0aw6ZkLbNGJlOAn3tQM",
    "expire_date": "2025-11-04T02:05:35.664Z"
  }
},
{
  "model": "sessions.session",
  "pk": "v3y9pf5kvl3cniremsg67acx8m9pxdor",
  "fields": {
    "session_data": "e30:1vBM6H:ONdKPHAeaIhIClC_kdC99BhAU7udcgYPhf0Kj3-M_KQ",
    "expire_date": "2025-11-04T23:49:09.226Z"
  }
},
{
  "model": "sessions.session",
  "pk": "vnftpqg5ml6bfwk3riuqfj1duuaop441",
  "fields": {
    "session_data": "e30:1vBM6I:xDMMqdctUoztcrQO7X1KHfYSml2lstDWCQF8nCCE1IA",
    "expire_date": "2025-11-04T23:49:10.862Z"
  }
},
{
  "model": "sessions.session",
  "pk": "vybsoq9dvfqpb26ueuxunaf9i4cmu84g",
  "fields": {
    "session_data": "e30:1vB1Yt:MvkqIQThOQar6CQgxuHHM-YqxU14NbCx3dOSL-E0BMM",
    "expire_date": "2025-11-04T01:53:19.866Z"
  }
},
{
  "model": "sessions.session",
  "pk": "vz4n2snfopxqk0pr92p4ax396f3nil4j",
  "fields": {
    "session_data": "e30:1vB1Yf:1HipVdVYnl0unKFDaQh0iSG7PRKPXi93rNhXFshyDhw",
    "expire_date": "2025-11-04T01:53:05.802Z"
  }
},
{
  "model": "sessions.session",
  "pk": "w4c2nq5oegyhyrz01e9ldcnqx6k7x4qd",
  "fields": {
    "session_data": "e30:1vAfup:f006CcVQYYsYqS9sUyLGCUycsYNJE9gD_Wj5VAYsNVw",
    "expire_date": "2025-11-03T02:46:31.170Z"
  }
},
{
  "model": "sessions.session",
  "pk": "wcfpl6i913cs88ld1s9zyhkzf6mtildi",
  "fields": {
    "session_data": "e30:1vAfgq:114uw_OJiLiJP2iXbY4clq2xEjSq0UTVlz_T7DlFGy0",
    "expire_date": "2025-11-03T02:32:04.157Z"
  }
},
{
  "model": "sessions.session",
  "pk": "wu5kj4s5ylvxgq2aqf8hrcdu5kb9dxbr",
  "fields": {
    "session_data": "e30:1vAdDs:HB_NGvEXOUvVY7GGv_Bqa-LqiuUg-Ytk82xqfLKrgCE",
    "expire_date": "2025-11-02T23:54:00.935Z"
  }
},
{
  "model": "sessions.session",
  "pk": "ww1mq8p0z8loleknzqj7fsyudukl1d4q",
  "fields": {
    "session_data": "e30:1vB1iJ:eJSvW9-jK2xY0fJleykftxoyCITTtuE2xJ6wkmSG31Y",
    "expire_date": "2025-11-04T02:03:03.462Z"
  }
},
{
  "model": "sessions.session",
  "pk": "xi22lqqu9o605g5vmpydqdfctipwuik6",
  "fields": {
    "session_data": "e30:1vB1kS:jeONZGWeByVDnVJsgL50Pju5lbYh1ms2x5rrqt0Zd1o",
    "expire_date": "2025-11-04T02:05:16.575Z"
  }
},
{
  "model": "sessions.session",
  "pk": "yclo3330d8w32nmc13mky1oabdyhgy87",
  "fields": {
    "session_data": "e30:1vAfgf:buq1BJEa8H6hbJvHtzoMyrkq-ePlZKHNyCvz9cfqcns",
    "expire_date": "2025-11-03T02:31:53.415Z"
  }
},
{
  "model": "sessions.session",
  "pk": "ydcl4jk8ik1jo5qsgwq3ow7458leorid",
  "fields": {
    "session_data": "e30:1vB1ke:WkrM8pZ61dbJqxJYDeSdYHfev408lvR5D5XpMWWALnc",
    "expire_date": "2025-11-04T02:05:28.605Z"
  }
},
{
  "model": "sessions.session",
  "pk": "ykx8mral7iner38uyp5hdsfdiiqnpoc3",
  "fields": {
    "session_data": "e30:1vBM9r:UHXFVEHMRQm0QSlCNYJlo7WobfbzWV6O66azCgqzTsE",
    "expire_date": "2025-11-04T23:52:51.336Z"
  }
},
{
  "model": "sessions.session",
  "pk": "ynxa2a13d3qmcwu8x2gw0iihcpoa4fs1",
  "fields": {
    "session_data": "e30:1vAful:_iOCl4mFPkuxwX97BXQSGcS8lKSUzd_2M3NIzcnywng",
    "expire_date": "2025-11-03T02:46:27.879Z"
  }
},
{
  "model": "sessions.session",
  "pk": "ypkqqz8zuj4jura27ebv05ynetyg2cm8",
  "fields": {
    "session_data": "e30:1vB1kb:Wx9_pf4v_CHg46anVuxsom0SjJ69c7Sd5z162-g97bk",
    "expire_date": "2025-11-04T02:05:25.500Z"
  }
},
{
  "model": "sessions.session",
  "pk": "yssn2ewzzrxcdi2mb5b1e7gtj58buach",
  "fields": {
    "session_data": "e30:1vAfh4:02eDD_t0-8P9DMe5RuBE6qOIt-lguwRjyTeFujm0C8Y",
    "expire_date": "2025-11-03T02:32:18.605Z"
  }
},
{
  "model": "sessions.session",
  "pk": "z2yj4enakfnw7i9iv6vwtlq54zzmq3f4",
  "fields": {
    "session_data": "e30:1vB1Yf:1HipVdVYnl0unKFDaQh0iSG7PRKPXi93rNhXFshyDhw",
    "expire_date": "2025-11-04T01:53:05.782Z"
  }
},
{
  "model": "sessions.session",
  "pk": "z6j41itq50yp1dooq16ca0kascm04rej",
  "fields": {
    "session_data": "e30:1vAezm:B2euTNRr9eZOrodzp7eIHE0PLeJQKIWtgNMWXi9dyv0",
    "expire_date": "2025-11-03T01:47:34.452Z"
  }
},
{
  "model": "sessions.session",
  "pk": "z9bjby5z1ks1zogt1n0871krk3j9rzlj",
  "fields": {
    "session_data": "e30:1vBM9r:UHXFVEHMRQm0QSlCNYJlo7WobfbzWV6O66azCgqzTsE",
    "expire_date": "2025-11-04T23:52:51.365Z"
  }
},
{
  "model": "sessions.session",
  "pk": "zlbdnrf5bqc2oq67mn1z2p01zk9oi79p",
  "fields": {
    "session_data": "e30:1vB1sj:-y5kQxipRblX3_yshvef_Mr5hVEOmg2Zt0sW7_cnkG8",
    "expire_date": "2025-11-04T02:13:49.725Z"
  }
},
{
  "model": "sessions.session",
  "pk": "zw18h1rzdhcypzvz60fxt9aqqim2okak",
  "fields": {
    "session_data": "e30:1vAbnU:_C4W8k2wUUxXdA8dvqJppX5gYVxT4dwKDxQcrF8rRiI",
    "expire_date": "2025-11-02T22:22:40.830Z"
  }
},
{
  "model": "sessions.session",
  "pk": "zy67e8dbkauorrxmdif7oog6dw3i3hau",
  "fields": {
    "session_data": "e30:1vB1kY:UN5vyk-ofDl1qcsfwbc53xnV8MtdoOV4ilWzIyVoCDo",
    "expire_date": "2025-11-04T02:05:22.467Z"
  }
},
{
  "model": "sites.site",
  "pk": 1,
  "fields": {
    "domain": "localhost:3000",
    "name": "PowerUp"
  }
},
{
  "model": "powerUp.produto",
  "pk": 1,
  "fields": {
    "nome": "Whey Concentrado 900g",
    "preco": 99.99,
    "descricao": "Máxima performance e sabor incrível! Nosso Whey Protein oferece alta concentração de proteínas de qualidade para auxiliar na recuperação muscular e no ganho de massa magra. Com excelente solubilidade e um sabor irresistível, é a escolha perfeita para potencializar seus treinos e manter sua dieta equilibrada. Alcance seus objetivos com mais força e resultados!",
    "imagem": "produtos/whey.webp",
    "porcentagem_desconto": 15,
    "categoria": "suplementos"
  }
},
{
  "model": "powerUp.produto",
  "pk": 2,
  "fields": {
    "nome": "Creatina 300g",
    "preco": 89.99,
    "descricao": "A creatina é um dos suplementos mais estudados e eficazes do mercado, amplamente reconhecida por seu papel em melhorar o desempenho físico e a força muscular. Ideal para atletas, praticantes de musculação e qualquer pessoa que busca maximizar seus resultados, a creatina é o segredo para treinos mais intensos e produtivos.",
    "imagem": "produtos/creatina.webp",
    "porcentagem_desconto": 0,
    "categoria": "suplementos"
  }
},
{
  "model": "powerUp.produto",
  "pk": 3,
  "fields": {
    "nome": "Glutamina 200g",
    "preco": 59.99,
    "descricao": "Máxima performance e sabor incrível! Nosso Whey Protein oferece alta concentração de proteínas de qualidade para auxiliar na recuperação muscular e no ganho de massa magra. Com excelente solubilidade e um sabor irresistível, é a escolha perfeita para potencializar seus treinos e manter sua dieta equilibrada. Alcance seus objetivos com mais força e resultados!",
    "imagem": "produtos/glutamina.webp",
    "porcentagem_desconto": 0,
    "categoria": "suplementos"
  }
},
{
  "model": "powerUp.produto",
  "pk": 4,
  "fields": {
    "nome": "BCAA 345g",
    "preco": 69.99,
    "descricao": "Construa músculos e reduza o cansaço! O BCAA é indispensável para quem quer melhorar o desempenho e evitar o desgaste muscular. Com rápida absorção e alta qualidade, ele ajuda na recuperação pós-treino e na preservação da massa magra. Mais energia, menos fadiga e resultados ainda melhores no seu dia a dia!",
    "imagem": "produtos/bcaa.webp",
    "porcentagem_desconto": 0,
    "categoria": "suplementos"
  }
},
{
  "model": "powerUp.produto",
  "pk": 5,
  "fields": {
    "nome": "Cafeína 200mg",
    "preco": 24.99,
    "descricao": "Aumente seu foco e energia com nossa Cafeína! Perfeita para quem busca mais disposição nos treinos, ela melhora a resistência, reduz a fadiga e turbina sua performance. Com absorção rápida e efeito prolongado, é o aliado ideal para manter sua intensidade máxima do começo ao fim do treino. Supere seus limites!",
    "imagem": "produtos/cafeina.webp",
    "porcentagem_desconto": 10,
    "categoria": "suplementos"
  }
},
{
  "model": "powerUp.produto",
  "pk": 7,
  "fields": {
    "nome": "Camiseta Branca",
    "preco": 89.99,
    "descricao": "A camiseta perfeita para quem busca estilo e conforto em qualquer ocasião. Feita com tecido macio e respirável, oferece caimento leve e durabilidade, ideal para o dia a dia ou para compor looks modernos e versáteis. Simples, clássica e indispensável no seu guarda-roupa.",
    "imagem": "produtos/camiseta_branca.webp",
    "porcentagem_desconto": 0,
    "categoria": "roupas"
  }
},
{
  "model": "powerUp.produto",
  "pk": 8,
  "fields": {
    "nome": "Camiseta Preta",
    "preco": 89.99,
    "descricao": "A camiseta ideal para o seu treino! Feita com tecido leve, respirável e de alta durabilidade, ela garante conforto e liberdade de movimentos durante qualquer atividade. Versátil e cheia de estilo, é ideal tanto para a academia quanto para o dia a dia. Simples, funcional e essencial para o seu guarda-roupa fitness!",
    "imagem": "produtos/camiseta_preta.webp",
    "porcentagem_desconto": 0,
    "categoria": "roupas"
  }
},
{
  "model": "powerUp.produto",
  "pk": 9,
  "fields": {
    "nome": "Bermuda branca",
    "preco": 49.99,
    "descricao": "A bermuda perfeita para performance e conforto! Confeccionada com material leve e resistente, ela proporciona ventilação ideal e liberdade total nos movimentos. Seja para treinar, correr ou relaxar, oferece praticidade e um design moderno, combinando estilo com alta funcionalidade. Torne seus treinos ainda mais produtivos!",
    "imagem": "produtos/bermuda_branca.webp",
    "porcentagem_desconto": 10,
    "categoria": "roupas"
  }
},
{
  "model": "powerUp.produto",
  "pk": 10,
  "fields": {
    "nome": "Bermuda preta",
    "preco": 49.99,
    "descricao": "Conquiste desempenho e estilo com nossa bermuda! Produzida em tecido respirável e flexível, ela garante conforto absoluto e mobilidade durante qualquer treino. Ideal para academia ou atividades ao ar livre, combina durabilidade e um design esportivo para elevar sua experiência fitness. Seja seu melhor com o máximo de conforto!",
    "imagem": "produtos/bermuda_preta.webp",
    "porcentagem_desconto": 0,
    "categoria": "roupas"
  }
},
{
  "model": "powerUp.produto",
  "pk": 11,
  "fields": {
    "nome": "Casaco branco",
    "preco": 139.99,
    "descricao": "Encare qualquer clima com estilo e conforto com nosso casaco esportivo! Feito em tecido leve e térmico, ele oferece proteção contra o frio sem comprometer a mobilidade. Perfeito para treinos ao ar livre ou para o dia a dia, combina design moderno com funcionalidade. Um item indispensável para quem não para, faça chuva ou sol!",
    "imagem": "produtos/casaco_branco.webp",
    "porcentagem_desconto": 20,
    "categoria": "roupas"
  }
},
{
  "model": "powerUp.produto",
  "pk": 12,
  "fields": {
    "nome": "Boné branco",
    "preco": 54.99,
    "descricao": "Dê um toque final ao seu look fitness com nosso boné esportivo! Leve e confortável, ele oferece proteção contra o sol durante os treinos e ainda garante estilo em qualquer atividade ao ar livre. Com design moderno e ajustável, é a escolha perfeita para completar seu visual atlético.",
    "imagem": "produtos/bone_branco.webp",
    "porcentagem_desconto": 0,
    "categoria": "acessorios"
  }
},
{
  "model": "powerUp.produto",
  "pk": 13,
  "fields": {
    "nome": "Boné preto",
    "preco": 54.99,
    "descricao": "Nosso boné foi feito para quem busca estilo e praticidade no dia a dia. Com ajuste perfeito e tecido respirável, ele mantém você confortável e protegido enquanto treina ou se diverte ao ar livre. Um acessório essencial para quem não abre mão de estar pronto para qualquer desafio.",
    "imagem": "produtos/bone_preto.webp",
    "porcentagem_desconto": 0,
    "categoria": "acessorios"
  }
},
{
  "model": "powerUp.produto",
  "pk": 14,
  "fields": {
    "nome": "Garrafa 500ml branca",
    "preco": 59.99,
    "descricao": "Mantenha-se hidratado durante o treino com nossa garrafa esportiva! Feita de material resistente e com capacidade ideal, ela mantém sua bebida na temperatura perfeita por horas. Compacta e prática, é a parceira ideal para levar para a academia ou para qualquer atividade ao ar livre.",
    "imagem": "produtos/garrafa_branca.webp",
    "porcentagem_desconto": 5,
    "categoria": "acessorios"
  }
},
{
  "model": "powerUp.produto",
  "pk": 15,
  "fields": {
    "nome": "Garrafa 500ml preta",
    "preco": 59.99,
    "descricao": "Nossa garrafa de água foi projetada para quem busca praticidade e estilo. Com design moderno e fácil de transportar, ela é perfeita para o seu treino ou para o dia a dia. Feita com material durável, ela mantém sua bebida fresca, ajudando você a se manter hidratado em qualquer momento.",
    "imagem": "produtos/garrafa_preta.webp",
    "porcentagem_desconto": 0,
    "categoria": "acessorios"
  }
},
{
  "model": "powerUp.produto",
  "pk": 16,
  "fields": {
    "nome": "Strap",
    "preco": 34.99,
    "descricao": "Alcance o próximo nível no treino com nosso strap de treino! Feito para oferecer suporte extra durante levantamento de peso e exercícios intensos, ele garante mais firmeza e controle. Resistente e confortável, é a escolha certa para quem quer treinar com confiança e força.",
    "imagem": "produtos/strap.webp",
    "porcentagem_desconto": 0,
    "categoria": "acessorios"
  }
},
{
  "model": "powerUp.produto",
  "pk": 17,
  "fields": {
    "nome": "Bolsa Esportiva",
    "preco": 149.99,
    "descricao": "Nossa bolsa esportiva combina praticidade e estilo, perfeita para quem não abre mão de organização e funcionalidade. Com material durável e diversos compartimentos, ela mantém seus itens de treino sempre à mão e bem organizados. Leve, confortável e essencial para seu estilo de vida ativo!",
    "imagem": "produtos/bolsa_esportiva.webp",
    "porcentagem_desconto": 15,
    "categoria": "acessorios"
  }
},
{
  "model": "powerUp.produto",
  "pk": 18,
  "fields": {
    "nome": "Bebida Proteica 250ml",
    "preco": 7.99,
    "descricao": "Nossa bebida proteica combina alta concentração de proteínas, vitaminas essenciais e um sabor irresistível. Sem açúcar e com baixo teor de gordura, é ideal para pré ou pós-treino, ou como um lanche saudável. Prática e pronta para consumo, é perfeita para fortalecer seu corpo e manter sua dieta no caminho certo. Experimente!",
    "imagem": "produtos/bebida_proteica.webp",
    "porcentagem_desconto": 0,
    "categoria": "alimentos"
  }
},
{
  "model": "powerUp.produto",
  "pk": 19,
  "fields": {
    "nome": "Barra de Proteína - Tradicional",
    "preco": 9.99,
    "descricao": "Com alto teor de proteína, nossa barra de proteína é ideal para recuperação muscular e construção de massa magra. Além disso, é a escolha perfeita para quem busca praticidade, sendo um lanche saudável para qualquer hora do dia. O sabor tradicional torna cada mordida um prazer, sem abrir mão da qualidade nutricional.",
    "imagem": "produtos/barra_proteina_-_tradicional.webp",
    "porcentagem_desconto": 0,
    "categoria": "alimentos"
  }
},
{
  "model": "powerUp.produto",
  "pk": 20,
  "fields": {
    "nome": "Barra de Proteína - Morango",
    "preco": 9.99,
    "descricao": "Com alto teor de proteína, nossa barra de proteína é ideal para recuperação muscular e construção de massa magra. Além disso, é a escolha perfeita para quem busca praticidade, sendo um lanche saudável para qualquer hora do dia. O sabor incrível de morango torna cada mordida um prazer, sem abrir mão da qualidade nutricional.",
    "imagem": "produtos/barra_proteina_-_morango.webp",
    "porcentagem_desconto": 0,
    "categoria": "alimentos"
  }
},
{
  "model": "powerUp.produto",
  "pk": 21,
  "fields": {
    "nome": "Barra de Proteína - Chocolate",
    "preco": 9.99,
    "descricao": "Com alto teor de proteína, nossa barra de proteína é ideal para recuperação muscular e construção de massa magra. Além disso, é a escolha perfeita para quem busca praticidade, sendo um lanche saudável para qualquer hora do dia. O sabor incrível de chocolate torna cada mordida um prazer, sem abrir mão da qualidade nutricional.",
    "imagem": "produtos/barra_proteina_-_chocolate.webp",
    "porcentagem_desconto": 0,
    "categoria": "alimentos"
  }
},
{
  "model": "powerUp.produto",
  "pk": 22,
  "fields": {
    "nome": "Barra de Proteína - Pistache",
    "preco": 9.99,
    "descricao": "Com alto teor de proteína, nossa barra de proteína é ideal para recuperação muscular e construção de massa magra. Além disso, é a escolha perfeita para quem busca praticidade, sendo um lanche saudável para qualquer hora do dia. O sabor incrível de pistache torna cada mordida um prazer, sem abrir mão da qualidade nutricional.",
    "imagem": "produtos/barra_proteina_-_pistache.webp",
    "porcentagem_desconto": 0,
    "categoria": "alimentos"
  }
},
{
  "model": "powerUp.produto",
  "pk": 23,
  "fields": {
    "nome": "Barra de Proteína - Frutas Vermelhas",
    "preco": 9.99,
    "descricao": "Com alto teor de proteína, nossa barra de proteína é ideal para recuperação muscular e construção de massa magra. Além disso, é a escolha perfeita para quem busca praticidade, sendo um lanche saudável para qualquer hora do dia. O sabor incrível de frutas vermelhas torna cada mordida um prazer, sem abrir mão da qualidade nutricional.",
    "imagem": "produtos/barra_proteina_frutas.webp",
    "porcentagem_desconto": 0,
    "categoria": "alimentos"
  }
},
{
  "model": "powerUp.produto",
  "pk": 24,
  "fields": {
    "nome": "Snack Protein - Requeijão",
    "preco": 10.99,
    "descricao": "Sabor irresistível e nutrição na medida certa! Nosso snack proteico sabor requeijão é a opção perfeita para quem busca um lanche prático, rico em proteínas e cheio de sabor. Crocante e delicioso, ele ajuda a manter sua dieta equilibrada sem abrir mão do prazer de comer bem. Experimente e potencialize sua alimentação!",
    "imagem": "produtos/Snack_Protein_-_Sabor_Requeijão.webp",
    "porcentagem_desconto": 0,
    "categoria": "alimentos"
  }
},
{
  "model": "powerUp.produto",
  "pk": 25,
  "fields": {
    "nome": "Snack Protein - Queijo",
    "preco": 10.99,
    "descricao": "O lanche ideal para quem treina e não abre mão do sabor! Nosso snack proteico de queijo oferece a combinação perfeita de crocância e alto teor de proteína, ajudando na recuperação muscular e na saciedade. Prático para levar a qualquer lugar, ele é a escolha certa para manter sua energia ao longo do dia.",
    "imagem": "produtos/Snack_Protein_-_Sabor_Queijo.webp",
    "porcentagem_desconto": 0,
    "categoria": "alimentos"
  }
},
{
  "model": "powerUp.produto",
  "pk": 26,
  "fields": {
    "nome": "Snack Protein - Cebola",
    "preco": 10.99,
    "descricao": "Explosão de sabor e proteína para o seu dia! Nosso snack proteico sabor cebola combina crocância irresistível com um toque marcante de tempero, tornando-se a opção perfeita para um lanche nutritivo e delicioso. Rico em proteínas e prático para levar a qualquer lugar, é ideal para manter sua energia e saciedade sem sair da dieta. Experimente e transforme seus momentos de snack!",
    "imagem": "produtos/Snack_Protein_-_Sabor_Cebola.webp",
    "porcentagem_desconto": 0,
    "categoria": "alimentos"
  }
},
{
  "model": "powerUp.cliente",
  "pk": 9,
  "fields": {
    "user": 10,
    "perfil": "admin",
    "nome": "Lucas Brito Prudente da Silva",
    "cpf": "12345678902",
    "telefone_celular": "84998574985"
  }
},
{
  "model": "powerUp.cliente",
  "pk": 18,
  "fields": {
    "user": 19,
    "perfil": "user",
    "nome": "Teste",
    "cpf": "123456789",
    "telefone_celular": "12345678"
  }
},
{
  "model": "powerUp.cliente",
  "pk": 30,
  "fields": {
    "user": 31,
    "perfil": "user",
    "nome": "Ana Beatriz Silva",
    "cpf": "111.222.333-01",
    "telefone_celular": "(11) 99999-0001"
  }
},
{
  "model": "powerUp.cliente",
  "pk": 31,
  "fields": {
    "user": 32,
    "perfil": "user",
    "nome": "Carlos Eduardo Souza",
    "cpf": "222.333.444-02",
    "telefone_celular": "(21) 98888-0002"
  }
},
{
  "model": "powerUp.cliente",
  "pk": 32,
  "fields": {
    "user": 33,
    "perfil": "user",
    "nome": "Mariana Costa",
    "cpf": "333.444.555-03",
    "telefone_celular": "(31) 97777-0003"
  }
},
{
  "model": "powerUp.cliente",
  "pk": 33,
  "fields": {
    "user": 34,
    "perfil": "user",
    "nome": "João Pedro Oliveira",
    "cpf": "444.555.666-04",
    "telefone_celular": "(41) 96666-0004"
  }
},
{
  "model": "powerUp.cliente",
  "pk": 34,
  "fields": {
    "user": 35,
    "perfil": "user",
    "nome": "Fernanda Lima",
    "cpf": "555.666.777-05",
    "telefone_celular": "(51) 95555-0005"
  }
},
{
  "model": "powerUp.cliente",
  "pk": 35,
  "fields": {
    "user": 36,
    "perfil": "user",
    "nome": "Roberto Santos",
    "cpf": "666.777.888-06",
    "telefone_celular": "(61) 94444-0006"
  }
},
{
  "model": "powerUp.cliente",
  "pk": 36,
  "fields": {
    "user": 37,
    "perfil": "user",
    "nome": "Patrícia Alves",
    "cpf": "777.888.999-07",
    "telefone_celular": "(71) 93333-0007"
  }
},
{
  "model": "powerUp.cliente",
  "pk": 37,
  "fields": {
    "user": 38,
    "perfil": "user",
    "nome": "Lucas Pereira",
    "cpf": "888.999.000-08",
    "telefone_celular": "(81) 92222-0008"
  }
},
{
  "model": "powerUp.cliente",
  "pk": 38,
  "fields": {
    "user": 39,
    "perfil": "user",
    "nome": "Juliana Martins",
    "cpf": "999.000.111-09",
    "telefone_celular": "(85) 91111-0009"
  }
},
{
  "model": "powerUp.cliente",
  "pk": 39,
  "fields": {
    "user": 40,
    "perfil": "user",
    "nome": "Marcos Ferreira",
    "cpf": "000.111.222-10",
    "telefone_celular": "(91) 90000-0010"
  }
},
{
  "model": "powerUp.cliente",
  "pk": 40,
  "fields": {
    "user": 1,
    "perfil": "admin",
    "nome": "admin",
    "cpf": "19034572838",
    "telefone_celular": "00000000000"
  }
},
{
  "model": "powerUp.favorito",
  "pk": 17,
  "fields": {
    "cliente": 9,
    "produto": 1
  }
},
{
  "model": "powerUp.favorito",
  "pk": 18,
  "fields": {
    "cliente": 9,
    "produto": 14
  }
},
{
  "model": "powerUp.favorito",
  "pk": 19,
  "fields": {
    "cliente": 18,
    "produto": 1
  }
},
{
  "model": "powerUp.favorito",
  "pk": 20,
  "fields": {
    "cliente": 18,
    "produto": 9
  }
},
{
  "model": "powerUp.endereco",
  "pk": 4,
  "fields": {
    "cliente": 9,
    "apelido": "Casa",
    "destinatario": "Lucas Brito",
    "cep": "59015430",
    "uf": "RN",
    "cidade": "Natal",
    "bairro": "Tirol",
    "rua": "Avenida Xavier da Silveira",
    "numero": "1849",
    "complemento": "Apartamento 302"
  }
},
{
  "model": "powerUp.endereco",
  "pk": 6,
  "fields": {
    "cliente": 9,
    "apelido": "Casa de Carol",
    "destinatario": "Carolina Brito",
    "cep": "59082070",
    "uf": "RN",
    "cidade": "Natal",
    "bairro": "Capim Macio",
    "rua": "Rua Francisco Pignataro",
    "numero": "1899",
    "complemento": "Casa 103C"
  }
},
{
  "model": "powerUp.endereco",
  "pk": 8,
  "fields": {
    "cliente": 9,
    "apelido": "teste",
    "destinatario": "teste",
    "cep": "59070070",
    "uf": "RN",
    "cidade": "Natal",
    "bairro": "Cidade da Esperança",
    "rua": "Rua Geraldo Buriti",
    "numero": "1",
    "complemento": ""
  }
},
{
  "model": "powerUp.endereco",
  "pk": 12,
  "fields": {
    "cliente": 18,
    "apelido": "IFRN",
    "destinatario": "Lucas Brito",
    "cep": "59015000",
    "uf": "RN",
    "cidade": "Natal",
    "bairro": "Tirol",
    "rua": "Avenida Senador Salgado Filho",
    "numero": "1559",
    "complemento": "lado ímpar"
  }
},
{
  "model": "powerUp.endereco",
  "pk": 13,
  "fields": {
    "cliente": 30,
    "apelido": "Casa",
    "destinatario": "Ana Beatriz Silva",
    "cep": "01310-100",
    "uf": "SP",
    "cidade": "São Paulo",
    "bairro": "Bela Vista",
    "rua": "Av. Paulista",
    "numero": "1000",
    "complemento": "Apt 45"
  }
},
{
  "model": "powerUp.endereco",
  "pk": 14,
  "fields": {
    "cliente": 31,
    "apelido": "Trabalho",
    "destinatario": "Carlos Eduardo Souza",
    "cep": "22041-001",
    "uf": "RJ",
    "cidade": "Rio de Janeiro",
    "bairro": "Copacabana",
    "rua": "Rua Barata Ribeiro",
    "numero": "500",
    "complemento": "Sala 202"
  }
},
{
  "model": "powerUp.endereco",
  "pk": 15,
  "fields": {
    "cliente": 32,
    "apelido": "Apartamento",
    "destinatario": "Mariana Costa",
    "cep": "30130-000",
    "uf": "MG",
    "cidade": "Belo Horizonte",
    "bairro": "Savassi",
    "rua": "Av. Getúlio Vargas",
    "numero": "200",
    "complemento": ""
  }
},
{
  "model": "powerUp.endereco",
  "pk": 16,
  "fields": {
    "cliente": 33,
    "apelido": "Casa de Praia",
    "destinatario": "João Pedro Oliveira",
    "cep": "88330-000",
    "uf": "SC",
    "cidade": "Balneário Camboriú",
    "bairro": "Centro",
    "rua": "Av. Atlântica",
    "numero": "150",
    "complemento": "Cob 01"
  }
},
{
  "model": "powerUp.endereco",
  "pk": 17,
  "fields": {
    "cliente": 34,
    "apelido": "Escritório",
    "destinatario": "Fernanda Lima",
    "cep": "90035-073",
    "uf": "RS",
    "cidade": "Porto Alegre",
    "bairro": "Moinhos de Vento",
    "rua": "Rua Padre Chagas",
    "numero": "80",
    "complemento": "Lj 3"
  }
},
{
  "model": "powerUp.endereco",
  "pk": 18,
  "fields": {
    "cliente": 35,
    "apelido": "Casa",
    "destinatario": "Roberto Santos",
    "cep": "70000-000",
    "uf": "DF",
    "cidade": "Brasília",
    "bairro": "Asa Norte",
    "rua": "SQN 205 Bloco C",
    "numero": "10",
    "complemento": "Apt 101"
  }
},
{
  "model": "powerUp.endereco",
  "pk": 19,
  "fields": {
    "cliente": 36,
    "apelido": "Casa Mãe",
    "destinatario": "Patrícia Alves",
    "cep": "40020-000",
    "uf": "BA",
    "cidade": "Salvador",
    "bairro": "Comércio",
    "rua": "Rua da Bélgica",
    "numero": "12",
    "complemento": ""
  }
},
{
  "model": "powerUp.endereco",
  "pk": 20,
  "fields": {
    "cliente": 37,
    "apelido": "Flat",
    "destinatario": "Lucas Pereira",
    "cep": "51020-000",
    "uf": "PE",
    "cidade": "Recife",
    "bairro": "Boa Viagem",
    "rua": "Av. Boa Viagem",
    "numero": "4050",
    "complemento": "Flat 12"
  }
},
{
  "model": "powerUp.endereco",
  "pk": 21,
  "fields": {
    "cliente": 38,
    "apelido": "Loja",
    "destinatario": "Juliana Martins",
    "cep": "60165-120",
    "uf": "CE",
    "cidade": "Fortaleza",
    "bairro": "Meireles",
    "rua": "Av. Beira Mar",
    "numero": "300",
    "complemento": ""
  }
},
{
  "model": "powerUp.endereco",
  "pk": 22,
  "fields": {
    "cliente": 39,
    "apelido": "Casa",
    "destinatario": "Marcos Ferreira",
    "cep": "66010-000",
    "uf": "PA",
    "cidade": "Belém",
    "bairro": "Campina",
    "rua": "Av. Pres. Vargas",
    "numero": "15",
    "complemento": "Casa 2"
  }
},
{
  "model": "powerUp.cartao",
  "pk": 3,
  "fields": {
    "cliente": 9,
    "apelido": "Meu Cartão - Crédito",
    "titular": "LUCAS BRITO PRUDENTE SILV",
    "numero": "6500330245151777",
    "bandeira": "elo",
    "tipo": "credito"
  }
},
{
  "model": "powerUp.cartao",
  "pk": 11,
  "fields": {
    "cliente": 18,
    "apelido": "Meu Cartão",
    "titular": "Lucas Brito Prudente",
    "numero": "4001123412341234",
    "bandeira": "visa",
    "tipo": "debito"
  }
},
{
  "model": "powerUp.cartao",
  "pk": 12,
  "fields": {
    "cliente": 30,
    "apelido": "NuBank Roxo",
    "titular": "ANA BEATRIZ SILVA",
    "numero": "**** **** **** 1234",
    "bandeira": "Mastercard",
    "tipo": "credito"
  }
},
{
  "model": "powerUp.cartao",
  "pk": 13,
  "fields": {
    "cliente": 31,
    "apelido": "Inter Débito",
    "titular": "CARLOS EDUARDO SOUZA",
    "numero": "**** **** **** 5678",
    "bandeira": "Visa",
    "tipo": "debito"
  }
},
{
  "model": "powerUp.cartao",
  "pk": 14,
  "fields": {
    "cliente": 32,
    "apelido": "Visa Infinite",
    "titular": "MARIANA COSTA",
    "numero": "**** **** **** 9012",
    "bandeira": "Visa",
    "tipo": "credito"
  }
},
{
  "model": "powerUp.cartao",
  "pk": 15,
  "fields": {
    "cliente": 33,
    "apelido": "Elo Nanquim",
    "titular": "JOÃO PEDRO OLIVEIRA",
    "numero": "**** **** **** 3456",
    "bandeira": "Elo",
    "tipo": "credito"
  }
},
{
  "model": "powerUp.cartao",
  "pk": 16,
  "fields": {
    "cliente": 34,
    "apelido": "Master Black",
    "titular": "FERNANDA LIMA",
    "numero": "**** **** **** 7890",
    "bandeira": "Mastercard",
    "tipo": "credito"
  }
},
{
  "model": "powerUp.cartao",
  "pk": 17,
  "fields": {
    "cliente": 35,
    "apelido": "BB Ourocard",
    "titular": "ROBERTO SANTOS",
    "numero": "**** **** **** 1122",
    "bandeira": "Visa",
    "tipo": "debito"
  }
},
{
  "model": "powerUp.cartao",
  "pk": 18,
  "fields": {
    "cliente": 36,
    "apelido": "Santander Free",
    "titular": "PATRÍCIA ALVES",
    "numero": "**** **** **** 3344",
    "bandeira": "Mastercard",
    "tipo": "credito"
  }
},
{
  "model": "powerUp.cartao",
  "pk": 19,
  "fields": {
    "cliente": 37,
    "apelido": "C6 Carbon",
    "titular": "LUCAS PEREIRA",
    "numero": "**** **** **** 5566",
    "bandeira": "Mastercard",
    "tipo": "credito"
  }
},
{
  "model": "powerUp.cartao",
  "pk": 20,
  "fields": {
    "cliente": 38,
    "apelido": "Itaú Click",
    "titular": "JULIANA MARTINS",
    "numero": "**** **** **** 7788",
    "bandeira": "Visa",
    "tipo": "credito"
  }
},
{
  "model": "powerUp.cartao",
  "pk": 21,
  "fields": {
    "cliente": 39,
    "apelido": "XP Visa",
    "titular": "MARCOS FERREIRA",
    "numero": "**** **** **** 9900",
    "bandeira": "Visa",
    "tipo": "credito"
  }
},
{
  "model": "powerUp.carrinho",
  "pk": 2,
  "fields": {
    "session_key": null,
    "user": 10,
    "criado_em": "2025-10-21T01:52:30.190Z"
  }
},
{
  "model": "powerUp.carrinho",
  "pk": 5,
  "fields": {
    "session_key": null,
    "user": 19,
    "criado_em": "2025-10-30T03:23:19.779Z"
  }
},
{
  "model": "powerUp.carrinhoitem",
  "pk": 31,
  "fields": {
    "carrinho": 5,
    "produto": 5,
    "quantidade": 1,
    "preco": "24.99"
  }
},
{
  "model": "powerUp.pedido",
  "pk": 1,
  "fields": {
    "user": 10,
    "endereco": 4,
    "cartao": 3,
    "total": "78.47",
    "status": "1",
    "dt_hora": "2025-10-30T02:32:45.246Z"
  }
},
{
  "model": "powerUp.pedido",
  "pk": 2,
  "fields": {
    "user": 10,
    "endereco": 6,
    "cartao": 3,
    "total": "69.99",
    "status": "1",
    "dt_hora": "2025-10-30T02:43:37.234Z"
  }
},
{
  "model": "powerUp.pedido",
  "pk": 3,
  "fields": {
    "user": 19,
    "endereco": 12,
    "cartao": 11,
    "total": "89.97",
    "status": "1",
    "dt_hora": "2025-10-30T03:23:59.001Z"
  }
},
{
  "model": "powerUp.pedido",
  "pk": 4,
  "fields": {
    "user": 19,
    "endereco": 12,
    "cartao": 11,
    "total": "269.97",
    "status": "3",
    "dt_hora": "2025-10-31T01:39:36.402Z"
  }
},
{
  "model": "powerUp.pedido",
  "pk": 5,
  "fields": {
    "user": 19,
    "endereco": 12,
    "cartao": 11,
    "total": "119.98",
    "status": "4",
    "dt_hora": "2025-10-31T01:42:06.954Z"
  }
},
{
  "model": "powerUp.pedido",
  "pk": 6,
  "fields": {
    "user": 19,
    "endereco": 12,
    "cartao": 11,
    "total": "44.99",
    "status": "4",
    "dt_hora": "2025-10-31T01:43:23.529Z"
  }
},
{
  "model": "powerUp.pedido",
  "pk": 9,
  "fields": {
    "user": 19,
    "endereco": 12,
    "cartao": 11,
    "total": "179.98",
    "status": "1",
    "dt_hora": "2025-11-19T01:48:41.797Z"
  }
},
{
  "model": "powerUp.pedido",
  "pk": 10,
  "fields": {
    "user": 19,
    "endereco": 12,
    "cartao": 11,
    "total": "269.97",
    "status": "1",
    "dt_hora": "2025-11-19T01:52:11.822Z"
  }
},
{
  "model": "powerUp.pedido",
  "pk": 11,
  "fields": {
    "user": 10,
    "endereco": 4,
    "cartao": 3,
    "total": "416.89",
    "status": "3",
    "dt_hora": "2025-11-24T02:24:34.095Z"
  }
},
{
  "model": "powerUp.pedido",
  "pk": 12,
  "fields": {
    "user": 39,
    "endereco": 21,
    "cartao": 20,
    "total": "149.94",
    "status": "4",
    "dt_hora": "2025-10-30T02:24:34.104Z"
  }
},
{
  "model": "powerUp.pedido",
  "pk": 13,
  "fields": {
    "user": 33,
    "endereco": 15,
    "cartao": 14,
    "total": "474.91",
    "status": "4",
    "dt_hora": "2025-11-13T02:24:34.110Z"
  }
},
{
  "model": "powerUp.pedido",
  "pk": 14,
  "fields": {
    "user": 37,
    "endereco": 19,
    "cartao": 18,
    "total": "509.91",
    "status": "1",
    "dt_hora": "2025-10-19T02:24:34.115Z"
  }
},
{
  "model": "powerUp.pedido",
  "pk": 15,
  "fields": {
    "user": 39,
    "endereco": 21,
    "cartao": 20,
    "total": "739.90",
    "status": "3",
    "dt_hora": "2025-10-23T02:24:34.124Z"
  }
},
{
  "model": "powerUp.pedido",
  "pk": 16,
  "fields": {
    "user": 39,
    "endereco": 21,
    "cartao": 20,
    "total": "459.94",
    "status": "4",
    "dt_hora": "2025-09-29T02:24:34.130Z"
  }
},
{
  "model": "powerUp.pedido",
  "pk": 17,
  "fields": {
    "user": 38,
    "endereco": 20,
    "cartao": 19,
    "total": "102.96",
    "status": "1",
    "dt_hora": "2025-10-14T02:24:34.136Z"
  }
},
{
  "model": "powerUp.pedido",
  "pk": 18,
  "fields": {
    "user": 33,
    "endereco": 15,
    "cartao": 14,
    "total": "89.98",
    "status": "3",
    "dt_hora": "2025-10-01T02:24:34.141Z"
  }
},
{
  "model": "powerUp.pedido",
  "pk": 19,
  "fields": {
    "user": 33,
    "endereco": 15,
    "cartao": 14,
    "total": "199.95",
    "status": "5",
    "dt_hora": "2025-11-01T02:24:34.145Z"
  }
},
{
  "model": "powerUp.pedido",
  "pk": 20,
  "fields": {
    "user": 32,
    "endereco": 14,
    "cartao": 13,
    "total": "737.88",
    "status": "4",
    "dt_hora": "2025-10-29T02:24:34.150Z"
  }
},
{
  "model": "powerUp.pedido",
  "pk": 21,
  "fields": {
    "user": 35,
    "endereco": 17,
    "cartao": 16,
    "total": "31.97",
    "status": "4",
    "dt_hora": "2025-11-10T02:24:34.157Z"
  }
},
{
  "model": "powerUp.pedido",
  "pk": 22,
  "fields": {
    "user": 10,
    "endereco": 4,
    "cartao": 3,
    "total": "21.98",
    "status": "3",
    "dt_hora": "2025-11-17T02:24:34.162Z"
  }
},
{
  "model": "powerUp.pedido",
  "pk": 23,
  "fields": {
    "user": 37,
    "endereco": 19,
    "cartao": 18,
    "total": "64.98",
    "status": "4",
    "dt_hora": "2025-10-15T02:24:34.166Z"
  }
},
{
  "model": "powerUp.pedido",
  "pk": 24,
  "fields": {
    "user": 10,
    "endereco": 4,
    "cartao": 3,
    "total": "69.99",
    "status": "4",
    "dt_hora": "2025-11-08T02:24:34.171Z"
  }
},
{
  "model": "powerUp.pedido",
  "pk": 25,
  "fields": {
    "user": 36,
    "endereco": 18,
    "cartao": 17,
    "total": "251.94",
    "status": "4",
    "dt_hora": "2025-11-24T02:24:34.176Z"
  }
},
{
  "model": "powerUp.pedido",
  "pk": 26,
  "fields": {
    "user": 35,
    "endereco": 17,
    "cartao": 16,
    "total": "165.96",
    "status": "4",
    "dt_hora": "2025-10-31T02:24:34.183Z"
  }
},
{
  "model": "powerUp.pedido",
  "pk": 27,
  "fields": {
    "user": 37,
    "endereco": 19,
    "cartao": 18,
    "total": "19.98",
    "status": "4",
    "dt_hora": "2025-10-09T02:24:34.188Z"
  }
},
{
  "model": "powerUp.pedido",
  "pk": 28,
  "fields": {
    "user": 19,
    "endereco": 12,
    "cartao": 11,
    "total": "9.99",
    "status": "1",
    "dt_hora": "2025-11-05T02:24:34.191Z"
  }
},
{
  "model": "powerUp.pedido",
  "pk": 29,
  "fields": {
    "user": 36,
    "endereco": 18,
    "cartao": 17,
    "total": "0.00",
    "status": "3",
    "dt_hora": "2025-10-20T02:24:34.198Z"
  }
},
{
  "model": "powerUp.pedido",
  "pk": 30,
  "fields": {
    "user": 31,
    "endereco": 13,
    "cartao": 12,
    "total": "363.93",
    "status": "4",
    "dt_hora": "2025-11-26T02:24:34.201Z"
  }
},
{
  "model": "powerUp.pedido",
  "pk": 31,
  "fields": {
    "user": 38,
    "endereco": 20,
    "cartao": 19,
    "total": "0.00",
    "status": "4",
    "dt_hora": "2025-10-16T02:24:34.208Z"
  }
},
{
  "model": "powerUp.pedido",
  "pk": 32,
  "fields": {
    "user": 34,
    "endereco": 16,
    "cartao": 15,
    "total": "359.44",
    "status": "4",
    "dt_hora": "2025-10-13T02:24:34.211Z"
  }
},
{
  "model": "powerUp.pedido",
  "pk": 33,
  "fields": {
    "user": 39,
    "endereco": 21,
    "cartao": 20,
    "total": "899.89",
    "status": "5",
    "dt_hora": "2025-11-27T02:24:34.218Z"
  }
},
{
  "model": "powerUp.pedido",
  "pk": 34,
  "fields": {
    "user": 31,
    "endereco": 13,
    "cartao": 12,
    "total": "10.99",
    "status": "5",
    "dt_hora": "2025-11-16T02:24:34.224Z"
  }
},
{
  "model": "powerUp.pedido",
  "pk": 35,
  "fields": {
    "user": 36,
    "endereco": 18,
    "cartao": 17,
    "total": "358.45",
    "status": "1",
    "dt_hora": "2025-10-31T02:24:34.229Z"
  }
},
{
  "model": "powerUp.pedido",
  "pk": 36,
  "fields": {
    "user": 36,
    "endereco": 18,
    "cartao": 17,
    "total": "146.95",
    "status": "4",
    "dt_hora": "2025-11-27T02:24:34.234Z"
  }
},
{
  "model": "powerUp.pedido",
  "pk": 37,
  "fields": {
    "user": 31,
    "endereco": 13,
    "cartao": 12,
    "total": "139.98",
    "status": "4",
    "dt_hora": "2025-10-23T02:24:34.240Z"
  }
},
{
  "model": "powerUp.pedido",
  "pk": 38,
  "fields": {
    "user": 40,
    "endereco": 22,
    "cartao": 21,
    "total": "119.98",
    "status": "2",
    "dt_hora": "2025-11-22T02:24:34.244Z"
  }
},
{
  "model": "powerUp.pedido",
  "pk": 39,
  "fields": {
    "user": 32,
    "endereco": 14,
    "cartao": 13,
    "total": "599.92",
    "status": "4",
    "dt_hora": "2025-10-19T02:24:34.249Z"
  }
},
{
  "model": "powerUp.pedido",
  "pk": 40,
  "fields": {
    "user": 32,
    "endereco": 14,
    "cartao": 13,
    "total": "49.99",
    "status": "3",
    "dt_hora": "2025-11-03T02:24:34.255Z"
  }
},
{
  "model": "powerUp.pedido",
  "pk": 41,
  "fields": {
    "user": 32,
    "endereco": 14,
    "cartao": 13,
    "total": "203.95",
    "status": "1",
    "dt_hora": "2025-10-17T02:24:34.259Z"
  }
},
{
  "model": "powerUp.pedido",
  "pk": 42,
  "fields": {
    "user": 19,
    "endereco": 12,
    "cartao": 11,
    "total": "217.48",
    "status": "3",
    "dt_hora": "2025-11-21T02:24:34.264Z"
  }
},
{
  "model": "powerUp.pedido",
  "pk": 43,
  "fields": {
    "user": 10,
    "endereco": 4,
    "cartao": 3,
    "total": "40.96",
    "status": "4",
    "dt_hora": "2025-10-26T02:24:34.269Z"
  }
},
{
  "model": "powerUp.pedido",
  "pk": 44,
  "fields": {
    "user": 33,
    "endereco": 15,
    "cartao": 14,
    "total": "211.42",
    "status": "4",
    "dt_hora": "2025-10-04T02:24:34.275Z"
  }
},
{
  "model": "powerUp.pedido",
  "pk": 45,
  "fields": {
    "user": 33,
    "endereco": 15,
    "cartao": 14,
    "total": "87.46",
    "status": "4",
    "dt_hora": "2025-11-02T02:24:34.281Z"
  }
},
{
  "model": "powerUp.pedido",
  "pk": 46,
  "fields": {
    "user": 33,
    "endereco": 15,
    "cartao": 14,
    "total": "54.95",
    "status": "4",
    "dt_hora": "2025-11-19T02:24:34.287Z"
  }
},
{
  "model": "powerUp.pedido",
  "pk": 47,
  "fields": {
    "user": 32,
    "endereco": 14,
    "cartao": 13,
    "total": "179.98",
    "status": "5",
    "dt_hora": "2025-10-31T02:24:34.291Z"
  }
},
{
  "model": "powerUp.pedido",
  "pk": 48,
  "fields": {
    "user": 32,
    "endereco": 14,
    "cartao": 13,
    "total": "19.98",
    "status": "2",
    "dt_hora": "2025-10-15T02:24:34.297Z"
  }
},
{
  "model": "powerUp.pedido",
  "pk": 49,
  "fields": {
    "user": 33,
    "endereco": 15,
    "cartao": 14,
    "total": "100.98",
    "status": "3",
    "dt_hora": "2025-11-18T02:24:34.302Z"
  }
},
{
  "model": "powerUp.pedido",
  "pk": 50,
  "fields": {
    "user": 32,
    "endereco": 14,
    "cartao": 13,
    "total": "19.98",
    "status": "1",
    "dt_hora": "2025-10-23T02:24:34.307Z"
  }
},
{
  "model": "powerUp.pedido",
  "pk": 51,
  "fields": {
    "user": 36,
    "endereco": 18,
    "cartao": 17,
    "total": "40.96",
    "status": "1",
    "dt_hora": "2025-11-16T02:24:34.311Z"
  }
},
{
  "model": "powerUp.pedido",
  "pk": 52,
  "fields": {
    "user": 35,
    "endereco": 17,
    "cartao": 16,
    "total": "522.45",
    "status": "3",
    "dt_hora": "2025-10-01T02:24:34.316Z"
  }
},
{
  "model": "powerUp.pedido",
  "pk": 53,
  "fields": {
    "user": 33,
    "endereco": 15,
    "cartao": 14,
    "total": "41.96",
    "status": "3",
    "dt_hora": "2025-10-11T02:24:34.322Z"
  }
},
{
  "model": "powerUp.pedido",
  "pk": 54,
  "fields": {
    "user": 19,
    "endereco": 12,
    "cartao": 11,
    "total": "10.99",
    "status": "4",
    "dt_hora": "2025-10-31T02:24:34.327Z"
  }
},
{
  "model": "powerUp.pedido",
  "pk": 55,
  "fields": {
    "user": 31,
    "endereco": 13,
    "cartao": 12,
    "total": "254.94",
    "status": "1",
    "dt_hora": "2025-10-17T02:24:34.331Z"
  }
},
{
  "model": "powerUp.pedido",
  "pk": 56,
  "fields": {
    "user": 38,
    "endereco": 20,
    "cartao": 19,
    "total": "89.99",
    "status": "2",
    "dt_hora": "2025-09-29T02:24:34.337Z"
  }
},
{
  "model": "powerUp.pedido",
  "pk": 57,
  "fields": {
    "user": 31,
    "endereco": 13,
    "cartao": 12,
    "total": "29.97",
    "status": "3",
    "dt_hora": "2025-10-22T02:24:34.342Z"
  }
},
{
  "model": "powerUp.pedido",
  "pk": 58,
  "fields": {
    "user": 19,
    "endereco": 12,
    "cartao": 11,
    "total": "32.97",
    "status": "4",
    "dt_hora": "2025-10-07T02:24:34.344Z"
  }
},
{
  "model": "powerUp.pedido",
  "pk": 59,
  "fields": {
    "user": 19,
    "endereco": 12,
    "cartao": 11,
    "total": "49.95",
    "status": "1",
    "dt_hora": "2025-10-13T02:24:34.351Z"
  }
},
{
  "model": "powerUp.pedido",
  "pk": 60,
  "fields": {
    "user": 32,
    "endereco": 14,
    "cartao": 13,
    "total": "119.96",
    "status": "5",
    "dt_hora": "2025-10-05T02:24:34.356Z"
  }
},
{
  "model": "powerUp.pedidoitem",
  "pk": 1,
  "fields": {
    "pedido": 1,
    "produto": 5,
    "quantidade": 1,
    "preco": "22.49",
    "imagem": "/media/produtos/cafeina.webp"
  }
},
{
  "model": "powerUp.pedidoitem",
  "pk": 2,
  "fields": {
    "pedido": 1,
    "produto": 24,
    "quantidade": 1,
    "preco": "10.99",
    "imagem": "/media/produtos/Snack_Protein_-_Sabor_Requeij%C3%A3o.webp"
  }
},
{
  "model": "powerUp.pedidoitem",
  "pk": 3,
  "fields": {
    "pedido": 1,
    "produto": 9,
    "quantidade": 1,
    "preco": "44.99",
    "imagem": "/media/produtos/bermuda_branca.webp"
  }
},
{
  "model": "powerUp.pedidoitem",
  "pk": 4,
  "fields": {
    "pedido": 2,
    "produto": 4,
    "quantidade": 1,
    "preco": "69.99",
    "imagem": "/media/produtos/bcaa.webp"
  }
},
{
  "model": "powerUp.pedidoitem",
  "pk": 5,
  "fields": {
    "pedido": 3,
    "produto": 5,
    "quantidade": 2,
    "preco": "22.49",
    "imagem": "/media/produtos/cafeina.webp"
  }
},
{
  "model": "powerUp.pedidoitem",
  "pk": 6,
  "fields": {
    "pedido": 3,
    "produto": 9,
    "quantidade": 1,
    "preco": "44.99",
    "imagem": "/media/produtos/bermuda_branca.webp"
  }
},
{
  "model": "powerUp.pedidoitem",
  "pk": 7,
  "fields": {
    "pedido": 4,
    "produto": 1,
    "quantidade": 3,
    "preco": "89.99",
    "imagem": "/media/produtos/whey.webp"
  }
},
{
  "model": "powerUp.pedidoitem",
  "pk": 8,
  "fields": {
    "pedido": 5,
    "produto": 3,
    "quantidade": 2,
    "preco": "59.99",
    "imagem": "/media/produtos/glutamina.webp"
  }
},
{
  "model": "powerUp.pedidoitem",
  "pk": 9,
  "fields": {
    "pedido": 6,
    "produto": 9,
    "quantidade": 1,
    "preco": "44.99",
    "imagem": "/media/produtos/bermuda_branca.webp"
  }
},
{
  "model": "powerUp.pedidoitem",
  "pk": 12,
  "fields": {
    "pedido": 9,
    "produto": 1,
    "quantidade": 2,
    "preco": "89.99",
    "imagem": "/media/produtos/whey.webp"
  }
},
{
  "model": "powerUp.pedidoitem",
  "pk": 13,
  "fields": {
    "pedido": 10,
    "produto": 1,
    "quantidade": 3,
    "preco": "89.99",
    "imagem": "/media/produtos/whey.webp"
  }
},
{
  "model": "powerUp.pedidoitem",
  "pk": 14,
  "fields": {
    "pedido": 11,
    "produto": 16,
    "quantidade": 3,
    "preco": "34.99",
    "imagem": "/media/produtos/strap.webp"
  }
},
{
  "model": "powerUp.pedidoitem",
  "pk": 15,
  "fields": {
    "pedido": 11,
    "produto": 24,
    "quantidade": 3,
    "preco": "10.99",
    "imagem": "/media/produtos/Snack_Protein_-_Sabor_Requeij%C3%A3o.webp"
  }
},
{
  "model": "powerUp.pedidoitem",
  "pk": 16,
  "fields": {
    "pedido": 11,
    "produto": 13,
    "quantidade": 3,
    "preco": "54.99",
    "imagem": "/media/produtos/bone_preto.webp"
  }
},
{
  "model": "powerUp.pedidoitem",
  "pk": 17,
  "fields": {
    "pedido": 11,
    "produto": 14,
    "quantidade": 2,
    "preco": "56.99",
    "imagem": "/media/produtos/garrafa_branca.webp"
  }
},
{
  "model": "powerUp.pedidoitem",
  "pk": 18,
  "fields": {
    "pedido": 12,
    "produto": 13,
    "quantidade": 2,
    "preco": "54.99",
    "imagem": "/media/produtos/bone_preto.webp"
  }
},
{
  "model": "powerUp.pedidoitem",
  "pk": 19,
  "fields": {
    "pedido": 12,
    "produto": 21,
    "quantidade": 3,
    "preco": "9.99",
    "imagem": "/media/produtos/barra_proteina_-_chocolate.webp"
  }
},
{
  "model": "powerUp.pedidoitem",
  "pk": 20,
  "fields": {
    "pedido": 12,
    "produto": 22,
    "quantidade": 1,
    "preco": "9.99",
    "imagem": "/media/produtos/barra_proteina_-_pistache.webp"
  }
},
{
  "model": "powerUp.pedidoitem",
  "pk": 21,
  "fields": {
    "pedido": 13,
    "produto": 1,
    "quantidade": 1,
    "preco": "84.99",
    "imagem": "/media/produtos/whey.webp"
  }
},
{
  "model": "powerUp.pedidoitem",
  "pk": 22,
  "fields": {
    "pedido": 13,
    "produto": 3,
    "quantidade": 3,
    "preco": "59.99",
    "imagem": "/media/produtos/glutamina.webp"
  }
},
{
  "model": "powerUp.pedidoitem",
  "pk": 23,
  "fields": {
    "pedido": 13,
    "produto": 10,
    "quantidade": 1,
    "preco": "49.99",
    "imagem": "/media/produtos/bermuda_preta.webp"
  }
},
{
  "model": "powerUp.pedidoitem",
  "pk": 24,
  "fields": {
    "pedido": 13,
    "produto": 13,
    "quantidade": 1,
    "preco": "54.99",
    "imagem": "/media/produtos/bone_preto.webp"
  }
},
{
  "model": "powerUp.pedidoitem",
  "pk": 25,
  "fields": {
    "pedido": 13,
    "produto": 16,
    "quantidade": 3,
    "preco": "34.99",
    "imagem": "/media/produtos/strap.webp"
  }
},
{
  "model": "powerUp.pedidoitem",
  "pk": 26,
  "fields": {
    "pedido": 14,
    "produto": 16,
    "quantidade": 3,
    "preco": "34.99",
    "imagem": "/media/produtos/strap.webp"
  }
},
{
  "model": "powerUp.pedidoitem",
  "pk": 27,
  "fields": {
    "pedido": 14,
    "produto": 2,
    "quantidade": 4,
    "preco": "89.99",
    "imagem": "/media/produtos/creatina.webp"
  }
},
{
  "model": "powerUp.pedidoitem",
  "pk": 28,
  "fields": {
    "pedido": 14,
    "produto": 5,
    "quantidade": 2,
    "preco": "22.49",
    "imagem": "/media/produtos/cafeina.webp"
  }
},
{
  "model": "powerUp.pedidoitem",
  "pk": 29,
  "fields": {
    "pedido": 15,
    "produto": 2,
    "quantidade": 4,
    "preco": "89.99",
    "imagem": "/media/produtos/creatina.webp"
  }
},
{
  "model": "powerUp.pedidoitem",
  "pk": 30,
  "fields": {
    "pedido": 15,
    "produto": 3,
    "quantidade": 3,
    "preco": "59.99",
    "imagem": "/media/produtos/glutamina.webp"
  }
},
{
  "model": "powerUp.pedidoitem",
  "pk": 31,
  "fields": {
    "pedido": 15,
    "produto": 4,
    "quantidade": 2,
    "preco": "69.99",
    "imagem": "/media/produtos/bcaa.webp"
  }
},
{
  "model": "powerUp.pedidoitem",
  "pk": 32,
  "fields": {
    "pedido": 15,
    "produto": 15,
    "quantidade": 1,
    "preco": "59.99",
    "imagem": "/media/produtos/garrafa_preta.webp"
  }
},
{
  "model": "powerUp.pedidoitem",
  "pk": 33,
  "fields": {
    "pedido": 16,
    "produto": 2,
    "quantidade": 4,
    "preco": "89.99",
    "imagem": "/media/produtos/creatina.webp"
  }
},
{
  "model": "powerUp.pedidoitem",
  "pk": 34,
  "fields": {
    "pedido": 16,
    "produto": 10,
    "quantidade": 2,
    "preco": "49.99",
    "imagem": "/media/produtos/bermuda_preta.webp"
  }
},
{
  "model": "powerUp.pedidoitem",
  "pk": 35,
  "fields": {
    "pedido": 17,
    "produto": 25,
    "quantidade": 3,
    "preco": "10.99",
    "imagem": "/media/produtos/Snack_Protein_-_Sabor_Queijo.webp"
  }
},
{
  "model": "powerUp.pedidoitem",
  "pk": 36,
  "fields": {
    "pedido": 17,
    "produto": 4,
    "quantidade": 1,
    "preco": "69.99",
    "imagem": "/media/produtos/bcaa.webp"
  }
},
{
  "model": "powerUp.pedidoitem",
  "pk": 37,
  "fields": {
    "pedido": 18,
    "produto": 9,
    "quantidade": 2,
    "preco": "44.99",
    "imagem": "/media/produtos/bermuda_branca.webp"
  }
},
{
  "model": "powerUp.pedidoitem",
  "pk": 38,
  "fields": {
    "pedido": 19,
    "produto": 1,
    "quantidade": 2,
    "preco": "84.99",
    "imagem": "/media/produtos/whey.webp"
  }
},
{
  "model": "powerUp.pedidoitem",
  "pk": 39,
  "fields": {
    "pedido": 19,
    "produto": 22,
    "quantidade": 3,
    "preco": "9.99",
    "imagem": "/media/produtos/barra_proteina_-_pistache.webp"
  }
},
{
  "model": "powerUp.pedidoitem",
  "pk": 40,
  "fields": {
    "pedido": 20,
    "produto": 1,
    "quantidade": 5,
    "preco": "84.99",
    "imagem": "/media/produtos/whey.webp"
  }
},
{
  "model": "powerUp.pedidoitem",
  "pk": 41,
  "fields": {
    "pedido": 20,
    "produto": 8,
    "quantidade": 1,
    "preco": "89.99",
    "imagem": "/media/produtos/camiseta_preta.webp"
  }
},
{
  "model": "powerUp.pedidoitem",
  "pk": 42,
  "fields": {
    "pedido": 20,
    "produto": 9,
    "quantidade": 3,
    "preco": "44.99",
    "imagem": "/media/produtos/bermuda_branca.webp"
  }
},
{
  "model": "powerUp.pedidoitem",
  "pk": 43,
  "fields": {
    "pedido": 20,
    "produto": 12,
    "quantidade": 1,
    "preco": "54.99",
    "imagem": "/media/produtos/bone_branco.webp"
  }
},
{
  "model": "powerUp.pedidoitem",
  "pk": 44,
  "fields": {
    "pedido": 20,
    "produto": 24,
    "quantidade": 3,
    "preco": "10.99",
    "imagem": "/media/produtos/Snack_Protein_-_Sabor_Requeij%C3%A3o.webp"
  }
},
{
  "model": "powerUp.pedidoitem",
  "pk": 45,
  "fields": {
    "pedido": 21,
    "produto": 24,
    "quantidade": 2,
    "preco": "10.99",
    "imagem": "/media/produtos/Snack_Protein_-_Sabor_Requeij%C3%A3o.webp"
  }
},
{
  "model": "powerUp.pedidoitem",
  "pk": 46,
  "fields": {
    "pedido": 21,
    "produto": 19,
    "quantidade": 1,
    "preco": "9.99",
    "imagem": "/media/produtos/barra_proteina_-_tradicional.webp"
  }
},
{
  "model": "powerUp.pedidoitem",
  "pk": 47,
  "fields": {
    "pedido": 22,
    "produto": 26,
    "quantidade": 2,
    "preco": "10.99",
    "imagem": "/media/produtos/Snack_Protein_-_Sabor_Cebola.webp"
  }
},
{
  "model": "powerUp.pedidoitem",
  "pk": 48,
  "fields": {
    "pedido": 23,
    "produto": 12,
    "quantidade": 1,
    "preco": "54.99",
    "imagem": "/media/produtos/bone_branco.webp"
  }
},
{
  "model": "powerUp.pedidoitem",
  "pk": 49,
  "fields": {
    "pedido": 23,
    "produto": 21,
    "quantidade": 1,
    "preco": "9.99",
    "imagem": "/media/produtos/barra_proteina_-_chocolate.webp"
  }
},
{
  "model": "powerUp.pedidoitem",
  "pk": 50,
  "fields": {
    "pedido": 24,
    "produto": 4,
    "quantidade": 1,
    "preco": "69.99",
    "imagem": "/media/produtos/bcaa.webp"
  }
},
{
  "model": "powerUp.pedidoitem",
  "pk": 51,
  "fields": {
    "pedido": 25,
    "produto": 16,
    "quantidade": 1,
    "preco": "34.99",
    "imagem": "/media/produtos/strap.webp"
  }
},
{
  "model": "powerUp.pedidoitem",
  "pk": 52,
  "fields": {
    "pedido": 25,
    "produto": 10,
    "quantidade": 3,
    "preco": "49.99",
    "imagem": "/media/produtos/bermuda_preta.webp"
  }
},
{
  "model": "powerUp.pedidoitem",
  "pk": 53,
  "fields": {
    "pedido": 25,
    "produto": 19,
    "quantidade": 1,
    "preco": "9.99",
    "imagem": "/media/produtos/barra_proteina_-_tradicional.webp"
  }
},
{
  "model": "powerUp.pedidoitem",
  "pk": 54,
  "fields": {
    "pedido": 25,
    "produto": 14,
    "quantidade": 1,
    "preco": "56.99",
    "imagem": "/media/produtos/garrafa_branca.webp"
  }
},
{
  "model": "powerUp.pedidoitem",
  "pk": 55,
  "fields": {
    "pedido": 26,
    "produto": 24,
    "quantidade": 1,
    "preco": "10.99",
    "imagem": "/media/produtos/Snack_Protein_-_Sabor_Requeij%C3%A3o.webp"
  }
},
{
  "model": "powerUp.pedidoitem",
  "pk": 56,
  "fields": {
    "pedido": 26,
    "produto": 9,
    "quantidade": 1,
    "preco": "44.99",
    "imagem": "/media/produtos/bermuda_branca.webp"
  }
},
{
  "model": "powerUp.pedidoitem",
  "pk": 57,
  "fields": {
    "pedido": 26,
    "produto": 12,
    "quantidade": 2,
    "preco": "54.99",
    "imagem": "/media/produtos/bone_branco.webp"
  }
},
{
  "model": "powerUp.pedidoitem",
  "pk": 58,
  "fields": {
    "pedido": 27,
    "produto": 21,
    "quantidade": 2,
    "preco": "9.99",
    "imagem": "/media/produtos/barra_proteina_-_chocolate.webp"
  }
},
{
  "model": "powerUp.pedidoitem",
  "pk": 59,
  "fields": {
    "pedido": 28,
    "produto": 23,
    "quantidade": 1,
    "preco": "9.99",
    "imagem": "/media/produtos/barra_proteina_frutas.webp"
  }
},
{
  "model": "powerUp.pedidoitem",
  "pk": 60,
  "fields": {
    "pedido": 30,
    "produto": 11,
    "quantidade": 2,
    "preco": "111.99",
    "imagem": "/media/produtos/casaco_branco.webp"
  }
},
{
  "model": "powerUp.pedidoitem",
  "pk": 61,
  "fields": {
    "pedido": 30,
    "produto": 12,
    "quantidade": 2,
    "preco": "54.99",
    "imagem": "/media/produtos/bone_branco.webp"
  }
},
{
  "model": "powerUp.pedidoitem",
  "pk": 62,
  "fields": {
    "pedido": 30,
    "produto": 22,
    "quantidade": 1,
    "preco": "9.99",
    "imagem": "/media/produtos/barra_proteina_-_pistache.webp"
  }
},
{
  "model": "powerUp.pedidoitem",
  "pk": 63,
  "fields": {
    "pedido": 30,
    "produto": 23,
    "quantidade": 2,
    "preco": "9.99",
    "imagem": "/media/produtos/barra_proteina_frutas.webp"
  }
},
{
  "model": "powerUp.pedidoitem",
  "pk": 64,
  "fields": {
    "pedido": 32,
    "produto": 11,
    "quantidade": 1,
    "preco": "111.99",
    "imagem": "/media/produtos/casaco_branco.webp"
  }
},
{
  "model": "powerUp.pedidoitem",
  "pk": 65,
  "fields": {
    "pedido": 32,
    "produto": 3,
    "quantidade": 3,
    "preco": "59.99",
    "imagem": "/media/produtos/glutamina.webp"
  }
},
{
  "model": "powerUp.pedidoitem",
  "pk": 66,
  "fields": {
    "pedido": 32,
    "produto": 5,
    "quantidade": 3,
    "preco": "22.49",
    "imagem": "/media/produtos/cafeina.webp"
  }
},
{
  "model": "powerUp.pedidoitem",
  "pk": 67,
  "fields": {
    "pedido": 33,
    "produto": 2,
    "quantidade": 5,
    "preco": "89.99",
    "imagem": "/media/produtos/creatina.webp"
  }
},
{
  "model": "powerUp.pedidoitem",
  "pk": 68,
  "fields": {
    "pedido": 33,
    "produto": 7,
    "quantidade": 3,
    "preco": "89.99",
    "imagem": "/media/produtos/camiseta_branca.webp"
  }
},
{
  "model": "powerUp.pedidoitem",
  "pk": 69,
  "fields": {
    "pedido": 33,
    "produto": 15,
    "quantidade": 3,
    "preco": "59.99",
    "imagem": "/media/produtos/garrafa_preta.webp"
  }
},
{
  "model": "powerUp.pedidoitem",
  "pk": 70,
  "fields": {
    "pedido": 34,
    "produto": 26,
    "quantidade": 1,
    "preco": "10.99",
    "imagem": "/media/produtos/Snack_Protein_-_Sabor_Cebola.webp"
  }
},
{
  "model": "powerUp.pedidoitem",
  "pk": 71,
  "fields": {
    "pedido": 35,
    "produto": 3,
    "quantidade": 1,
    "preco": "59.99",
    "imagem": "/media/produtos/glutamina.webp"
  }
},
{
  "model": "powerUp.pedidoitem",
  "pk": 72,
  "fields": {
    "pedido": 35,
    "produto": 14,
    "quantidade": 3,
    "preco": "56.99",
    "imagem": "/media/produtos/garrafa_branca.webp"
  }
},
{
  "model": "powerUp.pedidoitem",
  "pk": 73,
  "fields": {
    "pedido": 35,
    "produto": 17,
    "quantidade": 1,
    "preco": "127.49",
    "imagem": "/media/produtos/bolsa_esportiva.webp"
  }
},
{
  "model": "powerUp.pedidoitem",
  "pk": 74,
  "fields": {
    "pedido": 36,
    "produto": 26,
    "quantidade": 3,
    "preco": "10.99",
    "imagem": "/media/produtos/Snack_Protein_-_Sabor_Cebola.webp"
  }
},
{
  "model": "powerUp.pedidoitem",
  "pk": 75,
  "fields": {
    "pedido": 36,
    "produto": 14,
    "quantidade": 2,
    "preco": "56.99",
    "imagem": "/media/produtos/garrafa_branca.webp"
  }
},
{
  "model": "powerUp.pedidoitem",
  "pk": 76,
  "fields": {
    "pedido": 37,
    "produto": 4,
    "quantidade": 2,
    "preco": "69.99",
    "imagem": "/media/produtos/bcaa.webp"
  }
},
{
  "model": "powerUp.pedidoitem",
  "pk": 77,
  "fields": {
    "pedido": 38,
    "produto": 15,
    "quantidade": 2,
    "preco": "59.99",
    "imagem": "/media/produtos/garrafa_preta.webp"
  }
},
{
  "model": "powerUp.pedidoitem",
  "pk": 78,
  "fields": {
    "pedido": 39,
    "produto": 2,
    "quantidade": 5,
    "preco": "89.99",
    "imagem": "/media/produtos/creatina.webp"
  }
},
{
  "model": "powerUp.pedidoitem",
  "pk": 79,
  "fields": {
    "pedido": 39,
    "produto": 10,
    "quantidade": 3,
    "preco": "49.99",
    "imagem": "/media/produtos/bermuda_preta.webp"
  }
},
{
  "model": "powerUp.pedidoitem",
  "pk": 80,
  "fields": {
    "pedido": 40,
    "produto": 10,
    "quantidade": 1,
    "preco": "49.99",
    "imagem": "/media/produtos/bermuda_preta.webp"
  }
},
{
  "model": "powerUp.pedidoitem",
  "pk": 81,
  "fields": {
    "pedido": 41,
    "produto": 2,
    "quantidade": 2,
    "preco": "89.99",
    "imagem": "/media/produtos/creatina.webp"
  }
},
{
  "model": "powerUp.pedidoitem",
  "pk": 82,
  "fields": {
    "pedido": 41,
    "produto": 18,
    "quantidade": 3,
    "preco": "7.99",
    "imagem": "/media/produtos/bebida_proteica.webp"
  }
},
{
  "model": "powerUp.pedidoitem",
  "pk": 83,
  "fields": {
    "pedido": 42,
    "produto": 17,
    "quantidade": 1,
    "preco": "127.49",
    "imagem": "/media/produtos/bolsa_esportiva.webp"
  }
},
{
  "model": "powerUp.pedidoitem",
  "pk": 84,
  "fields": {
    "pedido": 42,
    "produto": 2,
    "quantidade": 1,
    "preco": "89.99",
    "imagem": "/media/produtos/creatina.webp"
  }
},
{
  "model": "powerUp.pedidoitem",
  "pk": 85,
  "fields": {
    "pedido": 43,
    "produto": 25,
    "quantidade": 1,
    "preco": "10.99",
    "imagem": "/media/produtos/Snack_Protein_-_Sabor_Queijo.webp"
  }
},
{
  "model": "powerUp.pedidoitem",
  "pk": 86,
  "fields": {
    "pedido": 43,
    "produto": 21,
    "quantidade": 3,
    "preco": "9.99",
    "imagem": "/media/produtos/barra_proteina_-_chocolate.webp"
  }
},
{
  "model": "powerUp.pedidoitem",
  "pk": 87,
  "fields": {
    "pedido": 44,
    "produto": 18,
    "quantidade": 3,
    "preco": "7.99",
    "imagem": "/media/produtos/bebida_proteica.webp"
  }
},
{
  "model": "powerUp.pedidoitem",
  "pk": 88,
  "fields": {
    "pedido": 44,
    "produto": 5,
    "quantidade": 3,
    "preco": "22.49",
    "imagem": "/media/produtos/cafeina.webp"
  }
},
{
  "model": "powerUp.pedidoitem",
  "pk": 89,
  "fields": {
    "pedido": 44,
    "produto": 15,
    "quantidade": 2,
    "preco": "59.99",
    "imagem": "/media/produtos/garrafa_preta.webp"
  }
},
{
  "model": "powerUp.pedidoitem",
  "pk": 90,
  "fields": {
    "pedido": 45,
    "produto": 20,
    "quantidade": 2,
    "preco": "9.99",
    "imagem": "/media/produtos/barra_proteina_-_morango.webp"
  }
},
{
  "model": "powerUp.pedidoitem",
  "pk": 91,
  "fields": {
    "pedido": 45,
    "produto": 5,
    "quantidade": 1,
    "preco": "22.49",
    "imagem": "/media/produtos/cafeina.webp"
  }
},
{
  "model": "powerUp.pedidoitem",
  "pk": 92,
  "fields": {
    "pedido": 45,
    "produto": 9,
    "quantidade": 1,
    "preco": "44.99",
    "imagem": "/media/produtos/bermuda_branca.webp"
  }
},
{
  "model": "powerUp.pedidoitem",
  "pk": 93,
  "fields": {
    "pedido": 46,
    "produto": 24,
    "quantidade": 2,
    "preco": "10.99",
    "imagem": "/media/produtos/Snack_Protein_-_Sabor_Requeij%C3%A3o.webp"
  }
},
{
  "model": "powerUp.pedidoitem",
  "pk": 94,
  "fields": {
    "pedido": 46,
    "produto": 26,
    "quantidade": 3,
    "preco": "10.99",
    "imagem": "/media/produtos/Snack_Protein_-_Sabor_Cebola.webp"
  }
},
{
  "model": "powerUp.pedidoitem",
  "pk": 95,
  "fields": {
    "pedido": 47,
    "produto": 8,
    "quantidade": 2,
    "preco": "89.99",
    "imagem": "/media/produtos/camiseta_preta.webp"
  }
},
{
  "model": "powerUp.pedidoitem",
  "pk": 96,
  "fields": {
    "pedido": 48,
    "produto": 21,
    "quantidade": 2,
    "preco": "9.99",
    "imagem": "/media/produtos/barra_proteina_-_chocolate.webp"
  }
},
{
  "model": "powerUp.pedidoitem",
  "pk": 97,
  "fields": {
    "pedido": 49,
    "produto": 26,
    "quantidade": 1,
    "preco": "10.99",
    "imagem": "/media/produtos/Snack_Protein_-_Sabor_Cebola.webp"
  }
},
{
  "model": "powerUp.pedidoitem",
  "pk": 98,
  "fields": {
    "pedido": 49,
    "produto": 7,
    "quantidade": 1,
    "preco": "89.99",
    "imagem": "/media/produtos/camiseta_branca.webp"
  }
},
{
  "model": "powerUp.pedidoitem",
  "pk": 99,
  "fields": {
    "pedido": 50,
    "produto": 23,
    "quantidade": 2,
    "preco": "9.99",
    "imagem": "/media/produtos/barra_proteina_frutas.webp"
  }
},
{
  "model": "powerUp.pedidoitem",
  "pk": 100,
  "fields": {
    "pedido": 51,
    "produto": 25,
    "quantidade": 1,
    "preco": "10.99",
    "imagem": "/media/produtos/Snack_Protein_-_Sabor_Queijo.webp"
  }
},
{
  "model": "powerUp.pedidoitem",
  "pk": 101,
  "fields": {
    "pedido": 51,
    "produto": 23,
    "quantidade": 3,
    "preco": "9.99",
    "imagem": "/media/produtos/barra_proteina_frutas.webp"
  }
},
{
  "model": "powerUp.pedidoitem",
  "pk": 102,
  "fields": {
    "pedido": 52,
    "produto": 17,
    "quantidade": 3,
    "preco": "127.49",
    "imagem": "/media/produtos/bolsa_esportiva.webp"
  }
},
{
  "model": "powerUp.pedidoitem",
  "pk": 103,
  "fields": {
    "pedido": 52,
    "produto": 4,
    "quantidade": 2,
    "preco": "69.99",
    "imagem": "/media/produtos/bcaa.webp"
  }
},
{
  "model": "powerUp.pedidoitem",
  "pk": 104,
  "fields": {
    "pedido": 53,
    "produto": 25,
    "quantidade": 2,
    "preco": "10.99",
    "imagem": "/media/produtos/Snack_Protein_-_Sabor_Queijo.webp"
  }
},
{
  "model": "powerUp.pedidoitem",
  "pk": 105,
  "fields": {
    "pedido": 53,
    "produto": 21,
    "quantidade": 2,
    "preco": "9.99",
    "imagem": "/media/produtos/barra_proteina_-_chocolate.webp"
  }
},
{
  "model": "powerUp.pedidoitem",
  "pk": 106,
  "fields": {
    "pedido": 54,
    "produto": 25,
    "quantidade": 1,
    "preco": "10.99",
    "imagem": "/media/produtos/Snack_Protein_-_Sabor_Queijo.webp"
  }
},
{
  "model": "powerUp.pedidoitem",
  "pk": 107,
  "fields": {
    "pedido": 55,
    "produto": 9,
    "quantidade": 1,
    "preco": "44.99",
    "imagem": "/media/produtos/bermuda_branca.webp"
  }
},
{
  "model": "powerUp.pedidoitem",
  "pk": 108,
  "fields": {
    "pedido": 55,
    "produto": 21,
    "quantidade": 3,
    "preco": "9.99",
    "imagem": "/media/produtos/barra_proteina_-_chocolate.webp"
  }
},
{
  "model": "powerUp.pedidoitem",
  "pk": 109,
  "fields": {
    "pedido": 55,
    "produto": 7,
    "quantidade": 2,
    "preco": "89.99",
    "imagem": "/media/produtos/camiseta_branca.webp"
  }
},
{
  "model": "powerUp.pedidoitem",
  "pk": 110,
  "fields": {
    "pedido": 56,
    "produto": 8,
    "quantidade": 1,
    "preco": "89.99",
    "imagem": "/media/produtos/camiseta_preta.webp"
  }
},
{
  "model": "powerUp.pedidoitem",
  "pk": 111,
  "fields": {
    "pedido": 57,
    "produto": 19,
    "quantidade": 3,
    "preco": "9.99",
    "imagem": "/media/produtos/barra_proteina_-_tradicional.webp"
  }
},
{
  "model": "powerUp.pedidoitem",
  "pk": 112,
  "fields": {
    "pedido": 58,
    "produto": 25,
    "quantidade": 3,
    "preco": "10.99",
    "imagem": "/media/produtos/Snack_Protein_-_Sabor_Queijo.webp"
  }
},
{
  "model": "powerUp.pedidoitem",
  "pk": 113,
  "fields": {
    "pedido": 59,
    "produto": 20,
    "quantidade": 3,
    "preco": "9.99",
    "imagem": "/media/produtos/barra_proteina_-_morango.webp"
  }
},
{
  "model": "powerUp.pedidoitem",
  "pk": 114,
  "fields": {
    "pedido": 59,
    "produto": 22,
    "quantidade": 2,
    "preco": "9.99",
    "imagem": "/media/produtos/barra_proteina_-_pistache.webp"
  }
},
{
  "model": "powerUp.pedidoitem",
  "pk": 115,
  "fields": {
    "pedido": 60,
    "produto": 8,
    "quantidade": 1,
    "preco": "89.99",
    "imagem": "/media/produtos/camiseta_preta.webp"
  }
},
{
  "model": "powerUp.pedidoitem",
  "pk": 116,
  "fields": {
    "pedido": 60,
    "produto": 20,
    "quantidade": 3,
    "preco": "9.99",
    "imagem": "/media/produtos/barra_proteina_-_morango.webp"
  }
},
{
  "model": "powerUp.solicitacaodevolucao",
  "pk": 2,
  "fields": {
    "pedido": 6,
    "user": 19,
    "status": "2",
    "motivo": "O produto veio com o lacre rompido",
    "arquivo": "devolucoes/vitrine.jpg",
    "data_solicitacao": "2025-11-07T01:02:08.166Z",
    "total": "44.99"
  }
},
{
  "model": "powerUp.itemdevolvido",
  "pk": 3,
  "fields": {
    "solicitacao": 2,
    "pedido_item": 9,
    "quantidade": 1
  }
},
{
  "model": "powerUp.lote",
  "pk": 7,
  "fields": {
    "produto": 5,
    "quantidade": 11,
    "validade": "2027-11-19",
    "data_entrada": "2025-11-18"
  }
},
{
  "model": "powerUp.lote",
  "pk": 8,
  "fields": {
    "produto": 26,
    "quantidade": 5,
    "validade": "2026-05-18",
    "data_entrada": "2025-11-18"
  }
},
{
  "model": "powerUp.lote",
  "pk": 9,
  "fields": {
    "produto": 25,
    "quantidade": 4,
    "validade": "2026-05-18",
    "data_entrada": "2025-11-18"
  }
},
{
  "model": "powerUp.lote",
  "pk": 11,
  "fields": {
    "produto": 24,
    "quantidade": 9,
    "validade": "2025-12-17",
    "data_entrada": "2025-11-18"
  }
},
{
  "model": "powerUp.lote",
  "pk": 12,
  "fields": {
    "produto": 18,
    "quantidade": 18,
    "validade": "2026-02-17",
    "data_entrada": "2025-11-18"
  }
},
{
  "model": "powerUp.lote",
  "pk": 13,
  "fields": {
    "produto": 21,
    "quantidade": 4,
    "validade": "2026-07-17",
    "data_entrada": "2025-11-18"
  }
},
{
  "model": "powerUp.lote",
  "pk": 14,
  "fields": {
    "produto": 21,
    "quantidade": 15,
    "validade": "2026-11-19",
    "data_entrada": "2025-11-18"
  }
},
{
  "model": "powerUp.lote",
  "pk": 15,
  "fields": {
    "produto": 20,
    "quantidade": 12,
    "validade": "2026-07-17",
    "data_entrada": "2025-11-18"
  }
},
{
  "model": "powerUp.lote",
  "pk": 16,
  "fields": {
    "produto": 23,
    "quantidade": 7,
    "validade": "2026-07-17",
    "data_entrada": "2025-11-18"
  }
},
{
  "model": "powerUp.lote",
  "pk": 17,
  "fields": {
    "produto": 22,
    "quantidade": 8,
    "validade": "2026-07-17",
    "data_entrada": "2025-11-18"
  }
},
{
  "model": "powerUp.lote",
  "pk": 18,
  "fields": {
    "produto": 19,
    "quantidade": 20,
    "validade": "2026-07-17",
    "data_entrada": "2025-11-18"
  }
},
{
  "model": "powerUp.lote",
  "pk": 30,
  "fields": {
    "produto": 8,
    "quantidade": 5,
    "validade": null,
    "data_entrada": "2025-11-18"
  }
},
{
  "model": "powerUp.lote",
  "pk": 31,
  "fields": {
    "produto": 7,
    "quantidade": 4,
    "validade": null,
    "data_entrada": "2025-11-18"
  }
},
{
  "model": "powerUp.lote",
  "pk": 33,
  "fields": {
    "produto": 9,
    "quantidade": 2,
    "validade": null,
    "data_entrada": "2025-11-21"
  }
},
{
  "model": "powerUp.notificacao",
  "pk": 9,
  "fields": {
    "cliente": 9,
    "categoria": "promocao",
    "titulo": "Opa! Item da sua lista baixou de preço! 🤑",
    "texto": "O produto <strong>Whey Concentrado 900g</strong> entrou em oferta com <strong class='text-dark-green'>15% de desconto</strong>! Aproveite antes que acabe.",
    "data_envio": "2025-11-22T01:43:09.067Z",
    "lida": true
  }
},
{
  "model": "powerUp.notificacao",
  "pk": 23,
  "fields": {
    "cliente": 30,
    "categoria": "mensagem_personalizada",
    "titulo": "Bem-vindo à PowerUp!",
    "texto": "Olá, Ana! Estamos muito felizes em ter você aqui.",
    "data_envio": "2025-11-28T02:13:05.713Z",
    "lida": false
  }
},
{
  "model": "powerUp.notificacao",
  "pk": 24,
  "fields": {
    "cliente": 31,
    "categoria": "mensagem_personalizada",
    "titulo": "Bem-vindo à PowerUp!",
    "texto": "Olá, Carlos! Estamos muito felizes em ter você aqui.",
    "data_envio": "2025-11-28T02:13:05.967Z",
    "lida": false
  }
},
{
  "model": "powerUp.notificacao",
  "pk": 25,
  "fields": {
    "cliente": 32,
    "categoria": "mensagem_personalizada",
    "titulo": "Bem-vindo à PowerUp!",
    "texto": "Olá, Mariana! Estamos muito felizes em ter você aqui.",
    "data_envio": "2025-11-28T02:13:06.242Z",
    "lida": false
  }
},
{
  "model": "powerUp.notificacao",
  "pk": 26,
  "fields": {
    "cliente": 33,
    "categoria": "mensagem_personalizada",
    "titulo": "Bem-vindo à PowerUp!",
    "texto": "Olá, João! Estamos muito felizes em ter você aqui.",
    "data_envio": "2025-11-28T02:13:06.510Z",
    "lida": false
  }
},
{
  "model": "powerUp.notificacao",
  "pk": 27,
  "fields": {
    "cliente": 34,
    "categoria": "mensagem_personalizada",
    "titulo": "Bem-vindo à PowerUp!",
    "texto": "Olá, Fernanda! Estamos muito felizes em ter você aqui.",
    "data_envio": "2025-11-28T02:13:06.768Z",
    "lida": false
  }
},
{
  "model": "powerUp.notificacao",
  "pk": 28,
  "fields": {
    "cliente": 35,
    "categoria": "mensagem_personalizada",
    "titulo": "Bem-vindo à PowerUp!",
    "texto": "Olá, Roberto! Estamos muito felizes em ter você aqui.",
    "data_envio": "2025-11-28T02:13:07.053Z",
    "lida": false
  }
},
{
  "model": "powerUp.notificacao",
  "pk": 29,
  "fields": {
    "cliente": 36,
    "categoria": "mensagem_personalizada",
    "titulo": "Bem-vindo à PowerUp!",
    "texto": "Olá, Patrícia! Estamos muito felizes em ter você aqui.",
    "data_envio": "2025-11-28T02:13:07.319Z",
    "lida": false
  }
},
{
  "model": "powerUp.notificacao",
  "pk": 30,
  "fields": {
    "cliente": 37,
    "categoria": "mensagem_personalizada",
    "titulo": "Bem-vindo à PowerUp!",
    "texto": "Olá, Lucas! Estamos muito felizes em ter você aqui.",
    "data_envio": "2025-11-28T02:13:07.589Z",
    "lida": false
  }
},
{
  "model": "powerUp.notificacao",
  "pk": 31,
  "fields": {
    "cliente": 38,
    "categoria": "mensagem_personalizada",
    "titulo": "Bem-vindo à PowerUp!",
    "texto": "Olá, Juliana! Estamos muito felizes em ter você aqui.",
    "data_envio": "2025-11-28T02:13:07.863Z",
    "lida": false
  }
},
{
  "model": "powerUp.notificacao",
  "pk": 32,
  "fields": {
    "cliente": 39,
    "categoria": "mensagem_personalizada",
    "titulo": "Bem-vindo à PowerUp!",
    "texto": "Olá, Marcos! Estamos muito felizes em ter você aqui.",
    "data_envio": "2025-11-28T02:13:08.133Z",
    "lida": false
  }
},
{
  "model": "powerUp.notificacao",
  "pk": 33,
  "fields": {
    "cliente": 9,
    "categoria": "status_pedido",
    "titulo": "Pedido #11 Realizado!",
    "texto": "Recebemos seu pedido com sucesso. Acesse a página de Meus Pedidos para mais detalhes.",
    "data_envio": "2025-11-28T02:24:34.097Z",
    "lida": true
  }
},
{
  "model": "powerUp.notificacao",
  "pk": 34,
  "fields": {
    "cliente": 9,
    "categoria": "status_pedido",
    "titulo": "Atualização do Pedido #11",
    "texto": "O seu pedido teve o status alterado para: <strong class='text-black'>Entregue</strong>. Para mais informações, acesse a página de Meus Pedidos.",
    "data_envio": "2025-11-28T02:24:34.098Z",
    "lida": true
  }
},
{
  "model": "powerUp.notificacao",
  "pk": 35,
  "fields": {
    "cliente": 9,
    "categoria": "status_pedido",
    "titulo": "Atualização do Pedido #11",
    "texto": "O seu pedido teve o status alterado para: <strong class='text-black'>Entregue</strong>. Para mais informações, acesse a página de Meus Pedidos.",
    "data_envio": "2025-11-28T02:24:34.103Z",
    "lida": true
  }
},
{
  "model": "powerUp.notificacao",
  "pk": 36,
  "fields": {
    "cliente": 38,
    "categoria": "status_pedido",
    "titulo": "Pedido #12 Realizado!",
    "texto": "Recebemos seu pedido com sucesso. Acesse a página de Meus Pedidos para mais detalhes.",
    "data_envio": "2025-11-28T02:24:34.105Z",
    "lida": false
  }
},
{
  "model": "powerUp.notificacao",
  "pk": 37,
  "fields": {
    "cliente": 38,
    "categoria": "status_pedido",
    "titulo": "Atualização do Pedido #12",
    "texto": "O seu pedido teve o status alterado para: <strong class='text-black'>Finalizado</strong>. Para mais informações, acesse a página de Meus Pedidos.",
    "data_envio": "2025-11-28T02:24:34.106Z",
    "lida": false
  }
},
{
  "model": "powerUp.notificacao",
  "pk": 38,
  "fields": {
    "cliente": 38,
    "categoria": "status_pedido",
    "titulo": "Atualização do Pedido #12",
    "texto": "O seu pedido teve o status alterado para: <strong class='text-black'>Finalizado</strong>. Para mais informações, acesse a página de Meus Pedidos.",
    "data_envio": "2025-11-28T02:24:34.109Z",
    "lida": false
  }
},
{
  "model": "powerUp.notificacao",
  "pk": 39,
  "fields": {
    "cliente": 32,
    "categoria": "status_pedido",
    "titulo": "Pedido #13 Realizado!",
    "texto": "Recebemos seu pedido com sucesso. Acesse a página de Meus Pedidos para mais detalhes.",
    "data_envio": "2025-11-28T02:24:34.110Z",
    "lida": false
  }
},
{
  "model": "powerUp.notificacao",
  "pk": 40,
  "fields": {
    "cliente": 32,
    "categoria": "status_pedido",
    "titulo": "Atualização do Pedido #13",
    "texto": "O seu pedido teve o status alterado para: <strong class='text-black'>Finalizado</strong>. Para mais informações, acesse a página de Meus Pedidos.",
    "data_envio": "2025-11-28T02:24:34.111Z",
    "lida": false
  }
},
{
  "model": "powerUp.notificacao",
  "pk": 41,
  "fields": {
    "cliente": 32,
    "categoria": "status_pedido",
    "titulo": "Atualização do Pedido #13",
    "texto": "O seu pedido teve o status alterado para: <strong class='text-black'>Finalizado</strong>. Para mais informações, acesse a página de Meus Pedidos.",
    "data_envio": "2025-11-28T02:24:34.115Z",
    "lida": false
  }
},
{
  "model": "powerUp.notificacao",
  "pk": 42,
  "fields": {
    "cliente": 36,
    "categoria": "status_pedido",
    "titulo": "Pedido #14 Realizado!",
    "texto": "Recebemos seu pedido com sucesso. Acesse a página de Meus Pedidos para mais detalhes.",
    "data_envio": "2025-11-28T02:24:34.115Z",
    "lida": false
  }
},
{
  "model": "powerUp.notificacao",
  "pk": 43,
  "fields": {
    "cliente": 36,
    "categoria": "status_pedido",
    "titulo": "Atualização do Pedido #14",
    "texto": "O seu pedido teve o status alterado para: <strong class='text-black'>Processando</strong>. Para mais informações, acesse a página de Meus Pedidos.",
    "data_envio": "2025-11-28T02:24:34.115Z",
    "lida": false
  }
},
{
  "model": "powerUp.notificacao",
  "pk": 44,
  "fields": {
    "cliente": 36,
    "categoria": "status_pedido",
    "titulo": "Atualização do Pedido #14",
    "texto": "O seu pedido teve o status alterado para: <strong class='text-black'>Processando</strong>. Para mais informações, acesse a página de Meus Pedidos.",
    "data_envio": "2025-11-28T02:24:34.122Z",
    "lida": false
  }
},
{
  "model": "powerUp.notificacao",
  "pk": 45,
  "fields": {
    "cliente": 38,
    "categoria": "status_pedido",
    "titulo": "Pedido #15 Realizado!",
    "texto": "Recebemos seu pedido com sucesso. Acesse a página de Meus Pedidos para mais detalhes.",
    "data_envio": "2025-11-28T02:24:34.124Z",
    "lida": false
  }
},
{
  "model": "powerUp.notificacao",
  "pk": 46,
  "fields": {
    "cliente": 38,
    "categoria": "status_pedido",
    "titulo": "Atualização do Pedido #15",
    "texto": "O seu pedido teve o status alterado para: <strong class='text-black'>Entregue</strong>. Para mais informações, acesse a página de Meus Pedidos.",
    "data_envio": "2025-11-28T02:24:34.125Z",
    "lida": false
  }
},
{
  "model": "powerUp.notificacao",
  "pk": 47,
  "fields": {
    "cliente": 38,
    "categoria": "status_pedido",
    "titulo": "Atualização do Pedido #15",
    "texto": "O seu pedido teve o status alterado para: <strong class='text-black'>Entregue</strong>. Para mais informações, acesse a página de Meus Pedidos.",
    "data_envio": "2025-11-28T02:24:34.129Z",
    "lida": false
  }
},
{
  "model": "powerUp.notificacao",
  "pk": 48,
  "fields": {
    "cliente": 38,
    "categoria": "status_pedido",
    "titulo": "Pedido #16 Realizado!",
    "texto": "Recebemos seu pedido com sucesso. Acesse a página de Meus Pedidos para mais detalhes.",
    "data_envio": "2025-11-28T02:24:34.131Z",
    "lida": false
  }
},
{
  "model": "powerUp.notificacao",
  "pk": 49,
  "fields": {
    "cliente": 38,
    "categoria": "status_pedido",
    "titulo": "Atualização do Pedido #16",
    "texto": "O seu pedido teve o status alterado para: <strong class='text-black'>Finalizado</strong>. Para mais informações, acesse a página de Meus Pedidos.",
    "data_envio": "2025-11-28T02:24:34.131Z",
    "lida": false
  }
},
{
  "model": "powerUp.notificacao",
  "pk": 50,
  "fields": {
    "cliente": 38,
    "categoria": "status_pedido",
    "titulo": "Atualização do Pedido #16",
    "texto": "O seu pedido teve o status alterado para: <strong class='text-black'>Finalizado</strong>. Para mais informações, acesse a página de Meus Pedidos.",
    "data_envio": "2025-11-28T02:24:34.134Z",
    "lida": false
  }
},
{
  "model": "powerUp.notificacao",
  "pk": 51,
  "fields": {
    "cliente": 37,
    "categoria": "status_pedido",
    "titulo": "Pedido #17 Realizado!",
    "texto": "Recebemos seu pedido com sucesso. Acesse a página de Meus Pedidos para mais detalhes.",
    "data_envio": "2025-11-28T02:24:34.136Z",
    "lida": false
  }
},
{
  "model": "powerUp.notificacao",
  "pk": 52,
  "fields": {
    "cliente": 37,
    "categoria": "status_pedido",
    "titulo": "Atualização do Pedido #17",
    "texto": "O seu pedido teve o status alterado para: <strong class='text-black'>Processando</strong>. Para mais informações, acesse a página de Meus Pedidos.",
    "data_envio": "2025-11-28T02:24:34.137Z",
    "lida": false
  }
},
{
  "model": "powerUp.notificacao",
  "pk": 53,
  "fields": {
    "cliente": 37,
    "categoria": "status_pedido",
    "titulo": "Atualização do Pedido #17",
    "texto": "O seu pedido teve o status alterado para: <strong class='text-black'>Processando</strong>. Para mais informações, acesse a página de Meus Pedidos.",
    "data_envio": "2025-11-28T02:24:34.139Z",
    "lida": false
  }
},
{
  "model": "powerUp.notificacao",
  "pk": 54,
  "fields": {
    "cliente": 32,
    "categoria": "status_pedido",
    "titulo": "Pedido #18 Realizado!",
    "texto": "Recebemos seu pedido com sucesso. Acesse a página de Meus Pedidos para mais detalhes.",
    "data_envio": "2025-11-28T02:24:34.141Z",
    "lida": false
  }
},
{
  "model": "powerUp.notificacao",
  "pk": 55,
  "fields": {
    "cliente": 32,
    "categoria": "status_pedido",
    "titulo": "Atualização do Pedido #18",
    "texto": "O seu pedido teve o status alterado para: <strong class='text-black'>Entregue</strong>. Para mais informações, acesse a página de Meus Pedidos.",
    "data_envio": "2025-11-28T02:24:34.142Z",
    "lida": false
  }
},
{
  "model": "powerUp.notificacao",
  "pk": 56,
  "fields": {
    "cliente": 32,
    "categoria": "status_pedido",
    "titulo": "Atualização do Pedido #18",
    "texto": "O seu pedido teve o status alterado para: <strong class='text-black'>Entregue</strong>. Para mais informações, acesse a página de Meus Pedidos.",
    "data_envio": "2025-11-28T02:24:34.144Z",
    "lida": false
  }
},
{
  "model": "powerUp.notificacao",
  "pk": 57,
  "fields": {
    "cliente": 32,
    "categoria": "status_pedido",
    "titulo": "Pedido #19 Realizado!",
    "texto": "Recebemos seu pedido com sucesso. Acesse a página de Meus Pedidos para mais detalhes.",
    "data_envio": "2025-11-28T02:24:34.145Z",
    "lida": false
  }
},
{
  "model": "powerUp.notificacao",
  "pk": 58,
  "fields": {
    "cliente": 32,
    "categoria": "status_pedido",
    "titulo": "Atualização do Pedido #19",
    "texto": "O seu pedido teve o status alterado para: <strong class='text-black'>Cancelado</strong>. Para mais informações, acesse a página de Meus Pedidos.",
    "data_envio": "2025-11-28T02:24:34.146Z",
    "lida": false
  }
},
{
  "model": "powerUp.notificacao",
  "pk": 59,
  "fields": {
    "cliente": 32,
    "categoria": "status_pedido",
    "titulo": "Atualização do Pedido #19",
    "texto": "O seu pedido teve o status alterado para: <strong class='text-black'>Cancelado</strong>. Para mais informações, acesse a página de Meus Pedidos.",
    "data_envio": "2025-11-28T02:24:34.146Z",
    "lida": false
  }
},
{
  "model": "powerUp.notificacao",
  "pk": 60,
  "fields": {
    "cliente": 31,
    "categoria": "status_pedido",
    "titulo": "Pedido #20 Realizado!",
    "texto": "Recebemos seu pedido com sucesso. Acesse a página de Meus Pedidos para mais detalhes.",
    "data_envio": "2025-11-28T02:24:34.151Z",
    "lida": false
  }
},
{
  "model": "powerUp.notificacao",
  "pk": 61,
  "fields": {
    "cliente": 31,
    "categoria": "status_pedido",
    "titulo": "Atualização do Pedido #20",
    "texto": "O seu pedido teve o status alterado para: <strong class='text-black'>Finalizado</strong>. Para mais informações, acesse a página de Meus Pedidos.",
    "data_envio": "2025-11-28T02:24:34.151Z",
    "lida": false
  }
},
{
  "model": "powerUp.notificacao",
  "pk": 62,
  "fields": {
    "cliente": 31,
    "categoria": "status_pedido",
    "titulo": "Atualização do Pedido #20",
    "texto": "O seu pedido teve o status alterado para: <strong class='text-black'>Finalizado</strong>. Para mais informações, acesse a página de Meus Pedidos.",
    "data_envio": "2025-11-28T02:24:34.156Z",
    "lida": false
  }
},
{
  "model": "powerUp.notificacao",
  "pk": 63,
  "fields": {
    "cliente": 34,
    "categoria": "status_pedido",
    "titulo": "Pedido #21 Realizado!",
    "texto": "Recebemos seu pedido com sucesso. Acesse a página de Meus Pedidos para mais detalhes.",
    "data_envio": "2025-11-28T02:24:34.158Z",
    "lida": false
  }
},
{
  "model": "powerUp.notificacao",
  "pk": 64,
  "fields": {
    "cliente": 34,
    "categoria": "status_pedido",
    "titulo": "Atualização do Pedido #21",
    "texto": "O seu pedido teve o status alterado para: <strong class='text-black'>Finalizado</strong>. Para mais informações, acesse a página de Meus Pedidos.",
    "data_envio": "2025-11-28T02:24:34.158Z",
    "lida": false
  }
},
{
  "model": "powerUp.notificacao",
  "pk": 65,
  "fields": {
    "cliente": 34,
    "categoria": "status_pedido",
    "titulo": "Atualização do Pedido #21",
    "texto": "O seu pedido teve o status alterado para: <strong class='text-black'>Finalizado</strong>. Para mais informações, acesse a página de Meus Pedidos.",
    "data_envio": "2025-11-28T02:24:34.158Z",
    "lida": false
  }
},
{
  "model": "powerUp.notificacao",
  "pk": 66,
  "fields": {
    "cliente": 9,
    "categoria": "status_pedido",
    "titulo": "Pedido #22 Realizado!",
    "texto": "Recebemos seu pedido com sucesso. Acesse a página de Meus Pedidos para mais detalhes.",
    "data_envio": "2025-11-28T02:24:34.162Z",
    "lida": true
  }
},
{
  "model": "powerUp.notificacao",
  "pk": 67,
  "fields": {
    "cliente": 9,
    "categoria": "status_pedido",
    "titulo": "Atualização do Pedido #22",
    "texto": "O seu pedido teve o status alterado para: <strong class='text-black'>Entregue</strong>. Para mais informações, acesse a página de Meus Pedidos.",
    "data_envio": "2025-11-28T02:24:34.163Z",
    "lida": true
  }
},
{
  "model": "powerUp.notificacao",
  "pk": 68,
  "fields": {
    "cliente": 9,
    "categoria": "status_pedido",
    "titulo": "Atualização do Pedido #22",
    "texto": "O seu pedido teve o status alterado para: <strong class='text-black'>Entregue</strong>. Para mais informações, acesse a página de Meus Pedidos.",
    "data_envio": "2025-11-28T02:24:34.165Z",
    "lida": true
  }
},
{
  "model": "powerUp.notificacao",
  "pk": 69,
  "fields": {
    "cliente": 36,
    "categoria": "status_pedido",
    "titulo": "Pedido #23 Realizado!",
    "texto": "Recebemos seu pedido com sucesso. Acesse a página de Meus Pedidos para mais detalhes.",
    "data_envio": "2025-11-28T02:24:34.167Z",
    "lida": false
  }
},
{
  "model": "powerUp.notificacao",
  "pk": 70,
  "fields": {
    "cliente": 36,
    "categoria": "status_pedido",
    "titulo": "Atualização do Pedido #23",
    "texto": "O seu pedido teve o status alterado para: <strong class='text-black'>Finalizado</strong>. Para mais informações, acesse a página de Meus Pedidos.",
    "data_envio": "2025-11-28T02:24:34.167Z",
    "lida": false
  }
},
{
  "model": "powerUp.notificacao",
  "pk": 71,
  "fields": {
    "cliente": 36,
    "categoria": "status_pedido",
    "titulo": "Atualização do Pedido #23",
    "texto": "O seu pedido teve o status alterado para: <strong class='text-black'>Finalizado</strong>. Para mais informações, acesse a página de Meus Pedidos.",
    "data_envio": "2025-11-28T02:24:34.169Z",
    "lida": false
  }
},
{
  "model": "powerUp.notificacao",
  "pk": 72,
  "fields": {
    "cliente": 9,
    "categoria": "status_pedido",
    "titulo": "Pedido #24 Realizado!",
    "texto": "Recebemos seu pedido com sucesso. Acesse a página de Meus Pedidos para mais detalhes.",
    "data_envio": "2025-11-28T02:24:34.171Z",
    "lida": true
  }
},
{
  "model": "powerUp.notificacao",
  "pk": 73,
  "fields": {
    "cliente": 9,
    "categoria": "status_pedido",
    "titulo": "Atualização do Pedido #24",
    "texto": "O seu pedido teve o status alterado para: <strong class='text-black'>Finalizado</strong>. Para mais informações, acesse a página de Meus Pedidos.",
    "data_envio": "2025-11-28T02:24:34.172Z",
    "lida": true
  }
},
{
  "model": "powerUp.notificacao",
  "pk": 74,
  "fields": {
    "cliente": 9,
    "categoria": "status_pedido",
    "titulo": "Atualização do Pedido #24",
    "texto": "O seu pedido teve o status alterado para: <strong class='text-black'>Finalizado</strong>. Para mais informações, acesse a página de Meus Pedidos.",
    "data_envio": "2025-11-28T02:24:34.175Z",
    "lida": true
  }
},
{
  "model": "powerUp.notificacao",
  "pk": 75,
  "fields": {
    "cliente": 35,
    "categoria": "status_pedido",
    "titulo": "Pedido #25 Realizado!",
    "texto": "Recebemos seu pedido com sucesso. Acesse a página de Meus Pedidos para mais detalhes.",
    "data_envio": "2025-11-28T02:24:34.177Z",
    "lida": false
  }
},
{
  "model": "powerUp.notificacao",
  "pk": 76,
  "fields": {
    "cliente": 35,
    "categoria": "status_pedido",
    "titulo": "Atualização do Pedido #25",
    "texto": "O seu pedido teve o status alterado para: <strong class='text-black'>Finalizado</strong>. Para mais informações, acesse a página de Meus Pedidos.",
    "data_envio": "2025-11-28T02:24:34.178Z",
    "lida": false
  }
},
{
  "model": "powerUp.notificacao",
  "pk": 77,
  "fields": {
    "cliente": 35,
    "categoria": "status_pedido",
    "titulo": "Atualização do Pedido #25",
    "texto": "O seu pedido teve o status alterado para: <strong class='text-black'>Finalizado</strong>. Para mais informações, acesse a página de Meus Pedidos.",
    "data_envio": "2025-11-28T02:24:34.180Z",
    "lida": false
  }
},
{
  "model": "powerUp.notificacao",
  "pk": 78,
  "fields": {
    "cliente": 34,
    "categoria": "status_pedido",
    "titulo": "Pedido #26 Realizado!",
    "texto": "Recebemos seu pedido com sucesso. Acesse a página de Meus Pedidos para mais detalhes.",
    "data_envio": "2025-11-28T02:24:34.183Z",
    "lida": false
  }
},
{
  "model": "powerUp.notificacao",
  "pk": 79,
  "fields": {
    "cliente": 34,
    "categoria": "status_pedido",
    "titulo": "Atualização do Pedido #26",
    "texto": "O seu pedido teve o status alterado para: <strong class='text-black'>Finalizado</strong>. Para mais informações, acesse a página de Meus Pedidos.",
    "data_envio": "2025-11-28T02:24:34.184Z",
    "lida": false
  }
},
{
  "model": "powerUp.notificacao",
  "pk": 80,
  "fields": {
    "cliente": 34,
    "categoria": "status_pedido",
    "titulo": "Atualização do Pedido #26",
    "texto": "O seu pedido teve o status alterado para: <strong class='text-black'>Finalizado</strong>. Para mais informações, acesse a página de Meus Pedidos.",
    "data_envio": "2025-11-28T02:24:34.187Z",
    "lida": false
  }
},
{
  "model": "powerUp.notificacao",
  "pk": 81,
  "fields": {
    "cliente": 36,
    "categoria": "status_pedido",
    "titulo": "Pedido #27 Realizado!",
    "texto": "Recebemos seu pedido com sucesso. Acesse a página de Meus Pedidos para mais detalhes.",
    "data_envio": "2025-11-28T02:24:34.189Z",
    "lida": false
  }
},
{
  "model": "powerUp.notificacao",
  "pk": 82,
  "fields": {
    "cliente": 36,
    "categoria": "status_pedido",
    "titulo": "Atualização do Pedido #27",
    "texto": "O seu pedido teve o status alterado para: <strong class='text-black'>Finalizado</strong>. Para mais informações, acesse a página de Meus Pedidos.",
    "data_envio": "2025-11-28T02:24:34.190Z",
    "lida": false
  }
},
{
  "model": "powerUp.notificacao",
  "pk": 83,
  "fields": {
    "cliente": 36,
    "categoria": "status_pedido",
    "titulo": "Atualização do Pedido #27",
    "texto": "O seu pedido teve o status alterado para: <strong class='text-black'>Finalizado</strong>. Para mais informações, acesse a página de Meus Pedidos.",
    "data_envio": "2025-11-28T02:24:34.191Z",
    "lida": false
  }
},
{
  "model": "powerUp.notificacao",
  "pk": 84,
  "fields": {
    "cliente": 18,
    "categoria": "status_pedido",
    "titulo": "Pedido #28 Realizado!",
    "texto": "Recebemos seu pedido com sucesso. Acesse a página de Meus Pedidos para mais detalhes.",
    "data_envio": "2025-11-28T02:24:34.191Z",
    "lida": true
  }
},
{
  "model": "powerUp.notificacao",
  "pk": 85,
  "fields": {
    "cliente": 18,
    "categoria": "status_pedido",
    "titulo": "Atualização do Pedido #28",
    "texto": "O seu pedido teve o status alterado para: <strong class='text-black'>Processando</strong>. Para mais informações, acesse a página de Meus Pedidos.",
    "data_envio": "2025-11-28T02:24:34.191Z",
    "lida": true
  }
},
{
  "model": "powerUp.notificacao",
  "pk": 86,
  "fields": {
    "cliente": 18,
    "categoria": "status_pedido",
    "titulo": "Atualização do Pedido #28",
    "texto": "O seu pedido teve o status alterado para: <strong class='text-black'>Processando</strong>. Para mais informações, acesse a página de Meus Pedidos.",
    "data_envio": "2025-11-28T02:24:34.191Z",
    "lida": true
  }
},
{
  "model": "powerUp.notificacao",
  "pk": 87,
  "fields": {
    "cliente": 35,
    "categoria": "status_pedido",
    "titulo": "Pedido #29 Realizado!",
    "texto": "Recebemos seu pedido com sucesso. Acesse a página de Meus Pedidos para mais detalhes.",
    "data_envio": "2025-11-28T02:24:34.198Z",
    "lida": false
  }
},
{
  "model": "powerUp.notificacao",
  "pk": 88,
  "fields": {
    "cliente": 35,
    "categoria": "status_pedido",
    "titulo": "Atualização do Pedido #29",
    "texto": "O seu pedido teve o status alterado para: <strong class='text-black'>Entregue</strong>. Para mais informações, acesse a página de Meus Pedidos.",
    "data_envio": "2025-11-28T02:24:34.199Z",
    "lida": false
  }
},
{
  "model": "powerUp.notificacao",
  "pk": 89,
  "fields": {
    "cliente": 35,
    "categoria": "status_pedido",
    "titulo": "Atualização do Pedido #29",
    "texto": "O seu pedido teve o status alterado para: <strong class='text-black'>Entregue</strong>. Para mais informações, acesse a página de Meus Pedidos.",
    "data_envio": "2025-11-28T02:24:34.200Z",
    "lida": false
  }
},
{
  "model": "powerUp.notificacao",
  "pk": 90,
  "fields": {
    "cliente": 30,
    "categoria": "status_pedido",
    "titulo": "Pedido #30 Realizado!",
    "texto": "Recebemos seu pedido com sucesso. Acesse a página de Meus Pedidos para mais detalhes.",
    "data_envio": "2025-11-28T02:24:34.202Z",
    "lida": false
  }
},
{
  "model": "powerUp.notificacao",
  "pk": 91,
  "fields": {
    "cliente": 30,
    "categoria": "status_pedido",
    "titulo": "Atualização do Pedido #30",
    "texto": "O seu pedido teve o status alterado para: <strong class='text-black'>Finalizado</strong>. Para mais informações, acesse a página de Meus Pedidos.",
    "data_envio": "2025-11-28T02:24:34.203Z",
    "lida": false
  }
},
{
  "model": "powerUp.notificacao",
  "pk": 92,
  "fields": {
    "cliente": 30,
    "categoria": "status_pedido",
    "titulo": "Atualização do Pedido #30",
    "texto": "O seu pedido teve o status alterado para: <strong class='text-black'>Finalizado</strong>. Para mais informações, acesse a página de Meus Pedidos.",
    "data_envio": "2025-11-28T02:24:34.205Z",
    "lida": false
  }
},
{
  "model": "powerUp.notificacao",
  "pk": 93,
  "fields": {
    "cliente": 37,
    "categoria": "status_pedido",
    "titulo": "Pedido #31 Realizado!",
    "texto": "Recebemos seu pedido com sucesso. Acesse a página de Meus Pedidos para mais detalhes.",
    "data_envio": "2025-11-28T02:24:34.208Z",
    "lida": false
  }
},
{
  "model": "powerUp.notificacao",
  "pk": 94,
  "fields": {
    "cliente": 37,
    "categoria": "status_pedido",
    "titulo": "Atualização do Pedido #31",
    "texto": "O seu pedido teve o status alterado para: <strong class='text-black'>Finalizado</strong>. Para mais informações, acesse a página de Meus Pedidos.",
    "data_envio": "2025-11-28T02:24:34.209Z",
    "lida": false
  }
},
{
  "model": "powerUp.notificacao",
  "pk": 95,
  "fields": {
    "cliente": 37,
    "categoria": "status_pedido",
    "titulo": "Atualização do Pedido #31",
    "texto": "O seu pedido teve o status alterado para: <strong class='text-black'>Finalizado</strong>. Para mais informações, acesse a página de Meus Pedidos.",
    "data_envio": "2025-11-28T02:24:34.210Z",
    "lida": false
  }
},
{
  "model": "powerUp.notificacao",
  "pk": 96,
  "fields": {
    "cliente": 33,
    "categoria": "status_pedido",
    "titulo": "Pedido #32 Realizado!",
    "texto": "Recebemos seu pedido com sucesso. Acesse a página de Meus Pedidos para mais detalhes.",
    "data_envio": "2025-11-28T02:24:34.212Z",
    "lida": false
  }
},
{
  "model": "powerUp.notificacao",
  "pk": 97,
  "fields": {
    "cliente": 33,
    "categoria": "status_pedido",
    "titulo": "Atualização do Pedido #32",
    "texto": "O seu pedido teve o status alterado para: <strong class='text-black'>Finalizado</strong>. Para mais informações, acesse a página de Meus Pedidos.",
    "data_envio": "2025-11-28T02:24:34.213Z",
    "lida": false
  }
},
{
  "model": "powerUp.notificacao",
  "pk": 98,
  "fields": {
    "cliente": 33,
    "categoria": "status_pedido",
    "titulo": "Atualização do Pedido #32",
    "texto": "O seu pedido teve o status alterado para: <strong class='text-black'>Finalizado</strong>. Para mais informações, acesse a página de Meus Pedidos.",
    "data_envio": "2025-11-28T02:24:34.213Z",
    "lida": false
  }
},
{
  "model": "powerUp.notificacao",
  "pk": 99,
  "fields": {
    "cliente": 38,
    "categoria": "status_pedido",
    "titulo": "Pedido #33 Realizado!",
    "texto": "Recebemos seu pedido com sucesso. Acesse a página de Meus Pedidos para mais detalhes.",
    "data_envio": "2025-11-28T02:24:34.219Z",
    "lida": false
  }
},
{
  "model": "powerUp.notificacao",
  "pk": 100,
  "fields": {
    "cliente": 38,
    "categoria": "status_pedido",
    "titulo": "Atualização do Pedido #33",
    "texto": "O seu pedido teve o status alterado para: <strong class='text-black'>Cancelado</strong>. Para mais informações, acesse a página de Meus Pedidos.",
    "data_envio": "2025-11-28T02:24:34.219Z",
    "lida": false
  }
},
{
  "model": "powerUp.notificacao",
  "pk": 101,
  "fields": {
    "cliente": 38,
    "categoria": "status_pedido",
    "titulo": "Atualização do Pedido #33",
    "texto": "O seu pedido teve o status alterado para: <strong class='text-black'>Cancelado</strong>. Para mais informações, acesse a página de Meus Pedidos.",
    "data_envio": "2025-11-28T02:24:34.224Z",
    "lida": false
  }
},
{
  "model": "powerUp.notificacao",
  "pk": 102,
  "fields": {
    "cliente": 30,
    "categoria": "status_pedido",
    "titulo": "Pedido #34 Realizado!",
    "texto": "Recebemos seu pedido com sucesso. Acesse a página de Meus Pedidos para mais detalhes.",
    "data_envio": "2025-11-28T02:24:34.224Z",
    "lida": false
  }
},
{
  "model": "powerUp.notificacao",
  "pk": 103,
  "fields": {
    "cliente": 30,
    "categoria": "status_pedido",
    "titulo": "Atualização do Pedido #34",
    "texto": "O seu pedido teve o status alterado para: <strong class='text-black'>Cancelado</strong>. Para mais informações, acesse a página de Meus Pedidos.",
    "data_envio": "2025-11-28T02:24:34.224Z",
    "lida": false
  }
},
{
  "model": "powerUp.notificacao",
  "pk": 104,
  "fields": {
    "cliente": 30,
    "categoria": "status_pedido",
    "titulo": "Atualização do Pedido #34",
    "texto": "O seu pedido teve o status alterado para: <strong class='text-black'>Cancelado</strong>. Para mais informações, acesse a página de Meus Pedidos.",
    "data_envio": "2025-11-28T02:24:34.224Z",
    "lida": false
  }
},
{
  "model": "powerUp.notificacao",
  "pk": 105,
  "fields": {
    "cliente": 35,
    "categoria": "status_pedido",
    "titulo": "Pedido #35 Realizado!",
    "texto": "Recebemos seu pedido com sucesso. Acesse a página de Meus Pedidos para mais detalhes.",
    "data_envio": "2025-11-28T02:24:34.230Z",
    "lida": false
  }
},
{
  "model": "powerUp.notificacao",
  "pk": 106,
  "fields": {
    "cliente": 35,
    "categoria": "status_pedido",
    "titulo": "Atualização do Pedido #35",
    "texto": "O seu pedido teve o status alterado para: <strong class='text-black'>Processando</strong>. Para mais informações, acesse a página de Meus Pedidos.",
    "data_envio": "2025-11-28T02:24:34.230Z",
    "lida": false
  }
},
{
  "model": "powerUp.notificacao",
  "pk": 107,
  "fields": {
    "cliente": 35,
    "categoria": "status_pedido",
    "titulo": "Atualização do Pedido #35",
    "texto": "O seu pedido teve o status alterado para: <strong class='text-black'>Processando</strong>. Para mais informações, acesse a página de Meus Pedidos.",
    "data_envio": "2025-11-28T02:24:34.234Z",
    "lida": false
  }
},
{
  "model": "powerUp.notificacao",
  "pk": 108,
  "fields": {
    "cliente": 35,
    "categoria": "status_pedido",
    "titulo": "Pedido #36 Realizado!",
    "texto": "Recebemos seu pedido com sucesso. Acesse a página de Meus Pedidos para mais detalhes.",
    "data_envio": "2025-11-28T02:24:34.234Z",
    "lida": false
  }
},
{
  "model": "powerUp.notificacao",
  "pk": 109,
  "fields": {
    "cliente": 35,
    "categoria": "status_pedido",
    "titulo": "Atualização do Pedido #36",
    "texto": "O seu pedido teve o status alterado para: <strong class='text-black'>Finalizado</strong>. Para mais informações, acesse a página de Meus Pedidos.",
    "data_envio": "2025-11-28T02:24:34.237Z",
    "lida": false
  }
},
{
  "model": "powerUp.notificacao",
  "pk": 110,
  "fields": {
    "cliente": 35,
    "categoria": "status_pedido",
    "titulo": "Atualização do Pedido #36",
    "texto": "O seu pedido teve o status alterado para: <strong class='text-black'>Finalizado</strong>. Para mais informações, acesse a página de Meus Pedidos.",
    "data_envio": "2025-11-28T02:24:34.238Z",
    "lida": false
  }
},
{
  "model": "powerUp.notificacao",
  "pk": 111,
  "fields": {
    "cliente": 30,
    "categoria": "status_pedido",
    "titulo": "Pedido #37 Realizado!",
    "texto": "Recebemos seu pedido com sucesso. Acesse a página de Meus Pedidos para mais detalhes.",
    "data_envio": "2025-11-28T02:24:34.240Z",
    "lida": false
  }
},
{
  "model": "powerUp.notificacao",
  "pk": 112,
  "fields": {
    "cliente": 30,
    "categoria": "status_pedido",
    "titulo": "Atualização do Pedido #37",
    "texto": "O seu pedido teve o status alterado para: <strong class='text-black'>Finalizado</strong>. Para mais informações, acesse a página de Meus Pedidos.",
    "data_envio": "2025-11-28T02:24:34.241Z",
    "lida": false
  }
},
{
  "model": "powerUp.notificacao",
  "pk": 113,
  "fields": {
    "cliente": 30,
    "categoria": "status_pedido",
    "titulo": "Atualização do Pedido #37",
    "texto": "O seu pedido teve o status alterado para: <strong class='text-black'>Finalizado</strong>. Para mais informações, acesse a página de Meus Pedidos.",
    "data_envio": "2025-11-28T02:24:34.243Z",
    "lida": false
  }
},
{
  "model": "powerUp.notificacao",
  "pk": 114,
  "fields": {
    "cliente": 39,
    "categoria": "status_pedido",
    "titulo": "Pedido #38 Realizado!",
    "texto": "Recebemos seu pedido com sucesso. Acesse a página de Meus Pedidos para mais detalhes.",
    "data_envio": "2025-11-28T02:24:34.245Z",
    "lida": false
  }
},
{
  "model": "powerUp.notificacao",
  "pk": 115,
  "fields": {
    "cliente": 39,
    "categoria": "status_pedido",
    "titulo": "Atualização do Pedido #38",
    "texto": "O seu pedido teve o status alterado para: <strong class='text-black'>Enviado</strong>. Para mais informações, acesse a página de Meus Pedidos.",
    "data_envio": "2025-11-28T02:24:34.245Z",
    "lida": false
  }
},
{
  "model": "powerUp.notificacao",
  "pk": 116,
  "fields": {
    "cliente": 39,
    "categoria": "status_pedido",
    "titulo": "Atualização do Pedido #38",
    "texto": "O seu pedido teve o status alterado para: <strong class='text-black'>Enviado</strong>. Para mais informações, acesse a página de Meus Pedidos.",
    "data_envio": "2025-11-28T02:24:34.245Z",
    "lida": false
  }
},
{
  "model": "powerUp.notificacao",
  "pk": 117,
  "fields": {
    "cliente": 31,
    "categoria": "status_pedido",
    "titulo": "Pedido #39 Realizado!",
    "texto": "Recebemos seu pedido com sucesso. Acesse a página de Meus Pedidos para mais detalhes.",
    "data_envio": "2025-11-28T02:24:34.250Z",
    "lida": false
  }
},
{
  "model": "powerUp.notificacao",
  "pk": 118,
  "fields": {
    "cliente": 31,
    "categoria": "status_pedido",
    "titulo": "Atualização do Pedido #39",
    "texto": "O seu pedido teve o status alterado para: <strong class='text-black'>Finalizado</strong>. Para mais informações, acesse a página de Meus Pedidos.",
    "data_envio": "2025-11-28T02:24:34.250Z",
    "lida": false
  }
},
{
  "model": "powerUp.notificacao",
  "pk": 119,
  "fields": {
    "cliente": 31,
    "categoria": "status_pedido",
    "titulo": "Atualização do Pedido #39",
    "texto": "O seu pedido teve o status alterado para: <strong class='text-black'>Finalizado</strong>. Para mais informações, acesse a página de Meus Pedidos.",
    "data_envio": "2025-11-28T02:24:34.254Z",
    "lida": false
  }
},
{
  "model": "powerUp.notificacao",
  "pk": 120,
  "fields": {
    "cliente": 31,
    "categoria": "status_pedido",
    "titulo": "Pedido #40 Realizado!",
    "texto": "Recebemos seu pedido com sucesso. Acesse a página de Meus Pedidos para mais detalhes.",
    "data_envio": "2025-11-28T02:24:34.255Z",
    "lida": false
  }
},
{
  "model": "powerUp.notificacao",
  "pk": 121,
  "fields": {
    "cliente": 31,
    "categoria": "status_pedido",
    "titulo": "Atualização do Pedido #40",
    "texto": "O seu pedido teve o status alterado para: <strong class='text-black'>Entregue</strong>. Para mais informações, acesse a página de Meus Pedidos.",
    "data_envio": "2025-11-28T02:24:34.255Z",
    "lida": false
  }
},
{
  "model": "powerUp.notificacao",
  "pk": 122,
  "fields": {
    "cliente": 31,
    "categoria": "status_pedido",
    "titulo": "Atualização do Pedido #40",
    "texto": "O seu pedido teve o status alterado para: <strong class='text-black'>Entregue</strong>. Para mais informações, acesse a página de Meus Pedidos.",
    "data_envio": "2025-11-28T02:24:34.255Z",
    "lida": false
  }
},
{
  "model": "powerUp.notificacao",
  "pk": 123,
  "fields": {
    "cliente": 31,
    "categoria": "status_pedido",
    "titulo": "Pedido #41 Realizado!",
    "texto": "Recebemos seu pedido com sucesso. Acesse a página de Meus Pedidos para mais detalhes.",
    "data_envio": "2025-11-28T02:24:34.259Z",
    "lida": false
  }
},
{
  "model": "powerUp.notificacao",
  "pk": 124,
  "fields": {
    "cliente": 31,
    "categoria": "status_pedido",
    "titulo": "Atualização do Pedido #41",
    "texto": "O seu pedido teve o status alterado para: <strong class='text-black'>Processando</strong>. Para mais informações, acesse a página de Meus Pedidos.",
    "data_envio": "2025-11-28T02:24:34.260Z",
    "lida": false
  }
},
{
  "model": "powerUp.notificacao",
  "pk": 125,
  "fields": {
    "cliente": 31,
    "categoria": "status_pedido",
    "titulo": "Atualização do Pedido #41",
    "texto": "O seu pedido teve o status alterado para: <strong class='text-black'>Processando</strong>. Para mais informações, acesse a página de Meus Pedidos.",
    "data_envio": "2025-11-28T02:24:34.263Z",
    "lida": false
  }
},
{
  "model": "powerUp.notificacao",
  "pk": 126,
  "fields": {
    "cliente": 18,
    "categoria": "status_pedido",
    "titulo": "Pedido #42 Realizado!",
    "texto": "Recebemos seu pedido com sucesso. Acesse a página de Meus Pedidos para mais detalhes.",
    "data_envio": "2025-11-28T02:24:34.264Z",
    "lida": true
  }
},
{
  "model": "powerUp.notificacao",
  "pk": 127,
  "fields": {
    "cliente": 18,
    "categoria": "status_pedido",
    "titulo": "Atualização do Pedido #42",
    "texto": "O seu pedido teve o status alterado para: <strong class='text-black'>Entregue</strong>. Para mais informações, acesse a página de Meus Pedidos.",
    "data_envio": "2025-11-28T02:24:34.264Z",
    "lida": true
  }
},
{
  "model": "powerUp.notificacao",
  "pk": 128,
  "fields": {
    "cliente": 18,
    "categoria": "status_pedido",
    "titulo": "Atualização do Pedido #42",
    "texto": "O seu pedido teve o status alterado para: <strong class='text-black'>Entregue</strong>. Para mais informações, acesse a página de Meus Pedidos.",
    "data_envio": "2025-11-28T02:24:34.264Z",
    "lida": true
  }
},
{
  "model": "powerUp.notificacao",
  "pk": 129,
  "fields": {
    "cliente": 9,
    "categoria": "status_pedido",
    "titulo": "Pedido #43 Realizado!",
    "texto": "Recebemos seu pedido com sucesso. Acesse a página de Meus Pedidos para mais detalhes.",
    "data_envio": "2025-11-28T02:24:34.270Z",
    "lida": true
  }
},
{
  "model": "powerUp.notificacao",
  "pk": 130,
  "fields": {
    "cliente": 9,
    "categoria": "status_pedido",
    "titulo": "Atualização do Pedido #43",
    "texto": "O seu pedido teve o status alterado para: <strong class='text-black'>Finalizado</strong>. Para mais informações, acesse a página de Meus Pedidos.",
    "data_envio": "2025-11-28T02:24:34.272Z",
    "lida": true
  }
},
{
  "model": "powerUp.notificacao",
  "pk": 131,
  "fields": {
    "cliente": 9,
    "categoria": "status_pedido",
    "titulo": "Atualização do Pedido #43",
    "texto": "O seu pedido teve o status alterado para: <strong class='text-black'>Finalizado</strong>. Para mais informações, acesse a página de Meus Pedidos.",
    "data_envio": "2025-11-28T02:24:34.274Z",
    "lida": true
  }
},
{
  "model": "powerUp.notificacao",
  "pk": 132,
  "fields": {
    "cliente": 32,
    "categoria": "status_pedido",
    "titulo": "Pedido #44 Realizado!",
    "texto": "Recebemos seu pedido com sucesso. Acesse a página de Meus Pedidos para mais detalhes.",
    "data_envio": "2025-11-28T02:24:34.276Z",
    "lida": false
  }
},
{
  "model": "powerUp.notificacao",
  "pk": 133,
  "fields": {
    "cliente": 32,
    "categoria": "status_pedido",
    "titulo": "Atualização do Pedido #44",
    "texto": "O seu pedido teve o status alterado para: <strong class='text-black'>Finalizado</strong>. Para mais informações, acesse a página de Meus Pedidos.",
    "data_envio": "2025-11-28T02:24:34.277Z",
    "lida": false
  }
},
{
  "model": "powerUp.notificacao",
  "pk": 134,
  "fields": {
    "cliente": 32,
    "categoria": "status_pedido",
    "titulo": "Atualização do Pedido #44",
    "texto": "O seu pedido teve o status alterado para: <strong class='text-black'>Finalizado</strong>. Para mais informações, acesse a página de Meus Pedidos.",
    "data_envio": "2025-11-28T02:24:34.280Z",
    "lida": false
  }
},
{
  "model": "powerUp.notificacao",
  "pk": 135,
  "fields": {
    "cliente": 32,
    "categoria": "status_pedido",
    "titulo": "Pedido #45 Realizado!",
    "texto": "Recebemos seu pedido com sucesso. Acesse a página de Meus Pedidos para mais detalhes.",
    "data_envio": "2025-11-28T02:24:34.281Z",
    "lida": false
  }
},
{
  "model": "powerUp.notificacao",
  "pk": 136,
  "fields": {
    "cliente": 32,
    "categoria": "status_pedido",
    "titulo": "Atualização do Pedido #45",
    "texto": "O seu pedido teve o status alterado para: <strong class='text-black'>Finalizado</strong>. Para mais informações, acesse a página de Meus Pedidos.",
    "data_envio": "2025-11-28T02:24:34.281Z",
    "lida": false
  }
},
{
  "model": "powerUp.notificacao",
  "pk": 137,
  "fields": {
    "cliente": 32,
    "categoria": "status_pedido",
    "titulo": "Atualização do Pedido #45",
    "texto": "O seu pedido teve o status alterado para: <strong class='text-black'>Finalizado</strong>. Para mais informações, acesse a página de Meus Pedidos.",
    "data_envio": "2025-11-28T02:24:34.281Z",
    "lida": false
  }
},
{
  "model": "powerUp.notificacao",
  "pk": 138,
  "fields": {
    "cliente": 32,
    "categoria": "status_pedido",
    "titulo": "Pedido #46 Realizado!",
    "texto": "Recebemos seu pedido com sucesso. Acesse a página de Meus Pedidos para mais detalhes.",
    "data_envio": "2025-11-28T02:24:34.287Z",
    "lida": false
  }
},
{
  "model": "powerUp.notificacao",
  "pk": 139,
  "fields": {
    "cliente": 32,
    "categoria": "status_pedido",
    "titulo": "Atualização do Pedido #46",
    "texto": "O seu pedido teve o status alterado para: <strong class='text-black'>Finalizado</strong>. Para mais informações, acesse a página de Meus Pedidos.",
    "data_envio": "2025-11-28T02:24:34.288Z",
    "lida": false
  }
},
{
  "model": "powerUp.notificacao",
  "pk": 140,
  "fields": {
    "cliente": 32,
    "categoria": "status_pedido",
    "titulo": "Atualização do Pedido #46",
    "texto": "O seu pedido teve o status alterado para: <strong class='text-black'>Finalizado</strong>. Para mais informações, acesse a página de Meus Pedidos.",
    "data_envio": "2025-11-28T02:24:34.290Z",
    "lida": false
  }
},
{
  "model": "powerUp.notificacao",
  "pk": 141,
  "fields": {
    "cliente": 31,
    "categoria": "status_pedido",
    "titulo": "Pedido #47 Realizado!",
    "texto": "Recebemos seu pedido com sucesso. Acesse a página de Meus Pedidos para mais detalhes.",
    "data_envio": "2025-11-28T02:24:34.292Z",
    "lida": false
  }
},
{
  "model": "powerUp.notificacao",
  "pk": 142,
  "fields": {
    "cliente": 31,
    "categoria": "status_pedido",
    "titulo": "Atualização do Pedido #47",
    "texto": "O seu pedido teve o status alterado para: <strong class='text-black'>Cancelado</strong>. Para mais informações, acesse a página de Meus Pedidos.",
    "data_envio": "2025-11-28T02:24:34.292Z",
    "lida": false
  }
},
{
  "model": "powerUp.notificacao",
  "pk": 143,
  "fields": {
    "cliente": 31,
    "categoria": "status_pedido",
    "titulo": "Atualização do Pedido #47",
    "texto": "O seu pedido teve o status alterado para: <strong class='text-black'>Cancelado</strong>. Para mais informações, acesse a página de Meus Pedidos.",
    "data_envio": "2025-11-28T02:24:34.292Z",
    "lida": false
  }
},
{
  "model": "powerUp.notificacao",
  "pk": 144,
  "fields": {
    "cliente": 31,
    "categoria": "status_pedido",
    "titulo": "Pedido #48 Realizado!",
    "texto": "Recebemos seu pedido com sucesso. Acesse a página de Meus Pedidos para mais detalhes.",
    "data_envio": "2025-11-28T02:24:34.297Z",
    "lida": false
  }
},
{
  "model": "powerUp.notificacao",
  "pk": 145,
  "fields": {
    "cliente": 31,
    "categoria": "status_pedido",
    "titulo": "Atualização do Pedido #48",
    "texto": "O seu pedido teve o status alterado para: <strong class='text-black'>Enviado</strong>. Para mais informações, acesse a página de Meus Pedidos.",
    "data_envio": "2025-11-28T02:24:34.298Z",
    "lida": false
  }
},
{
  "model": "powerUp.notificacao",
  "pk": 146,
  "fields": {
    "cliente": 31,
    "categoria": "status_pedido",
    "titulo": "Atualização do Pedido #48",
    "texto": "O seu pedido teve o status alterado para: <strong class='text-black'>Enviado</strong>. Para mais informações, acesse a página de Meus Pedidos.",
    "data_envio": "2025-11-28T02:24:34.301Z",
    "lida": false
  }
},
{
  "model": "powerUp.notificacao",
  "pk": 147,
  "fields": {
    "cliente": 32,
    "categoria": "status_pedido",
    "titulo": "Pedido #49 Realizado!",
    "texto": "Recebemos seu pedido com sucesso. Acesse a página de Meus Pedidos para mais detalhes.",
    "data_envio": "2025-11-28T02:24:34.302Z",
    "lida": false
  }
},
{
  "model": "powerUp.notificacao",
  "pk": 148,
  "fields": {
    "cliente": 32,
    "categoria": "status_pedido",
    "titulo": "Atualização do Pedido #49",
    "texto": "O seu pedido teve o status alterado para: <strong class='text-black'>Entregue</strong>. Para mais informações, acesse a página de Meus Pedidos.",
    "data_envio": "2025-11-28T02:24:34.303Z",
    "lida": false
  }
},
{
  "model": "powerUp.notificacao",
  "pk": 149,
  "fields": {
    "cliente": 32,
    "categoria": "status_pedido",
    "titulo": "Atualização do Pedido #49",
    "texto": "O seu pedido teve o status alterado para: <strong class='text-black'>Entregue</strong>. Para mais informações, acesse a página de Meus Pedidos.",
    "data_envio": "2025-11-28T02:24:34.305Z",
    "lida": false
  }
},
{
  "model": "powerUp.notificacao",
  "pk": 150,
  "fields": {
    "cliente": 31,
    "categoria": "status_pedido",
    "titulo": "Pedido #50 Realizado!",
    "texto": "Recebemos seu pedido com sucesso. Acesse a página de Meus Pedidos para mais detalhes.",
    "data_envio": "2025-11-28T02:24:34.307Z",
    "lida": false
  }
},
{
  "model": "powerUp.notificacao",
  "pk": 151,
  "fields": {
    "cliente": 31,
    "categoria": "status_pedido",
    "titulo": "Atualização do Pedido #50",
    "texto": "O seu pedido teve o status alterado para: <strong class='text-black'>Processando</strong>. Para mais informações, acesse a página de Meus Pedidos.",
    "data_envio": "2025-11-28T02:24:34.308Z",
    "lida": false
  }
},
{
  "model": "powerUp.notificacao",
  "pk": 152,
  "fields": {
    "cliente": 31,
    "categoria": "status_pedido",
    "titulo": "Atualização do Pedido #50",
    "texto": "O seu pedido teve o status alterado para: <strong class='text-black'>Processando</strong>. Para mais informações, acesse a página de Meus Pedidos.",
    "data_envio": "2025-11-28T02:24:34.310Z",
    "lida": false
  }
},
{
  "model": "powerUp.notificacao",
  "pk": 153,
  "fields": {
    "cliente": 35,
    "categoria": "status_pedido",
    "titulo": "Pedido #51 Realizado!",
    "texto": "Recebemos seu pedido com sucesso. Acesse a página de Meus Pedidos para mais detalhes.",
    "data_envio": "2025-11-28T02:24:34.312Z",
    "lida": false
  }
},
{
  "model": "powerUp.notificacao",
  "pk": 154,
  "fields": {
    "cliente": 35,
    "categoria": "status_pedido",
    "titulo": "Atualização do Pedido #51",
    "texto": "O seu pedido teve o status alterado para: <strong class='text-black'>Processando</strong>. Para mais informações, acesse a página de Meus Pedidos.",
    "data_envio": "2025-11-28T02:24:34.312Z",
    "lida": false
  }
},
{
  "model": "powerUp.notificacao",
  "pk": 155,
  "fields": {
    "cliente": 35,
    "categoria": "status_pedido",
    "titulo": "Atualização do Pedido #51",
    "texto": "O seu pedido teve o status alterado para: <strong class='text-black'>Processando</strong>. Para mais informações, acesse a página de Meus Pedidos.",
    "data_envio": "2025-11-28T02:24:34.312Z",
    "lida": false
  }
},
{
  "model": "powerUp.notificacao",
  "pk": 156,
  "fields": {
    "cliente": 34,
    "categoria": "status_pedido",
    "titulo": "Pedido #52 Realizado!",
    "texto": "Recebemos seu pedido com sucesso. Acesse a página de Meus Pedidos para mais detalhes.",
    "data_envio": "2025-11-28T02:24:34.317Z",
    "lida": false
  }
},
{
  "model": "powerUp.notificacao",
  "pk": 157,
  "fields": {
    "cliente": 34,
    "categoria": "status_pedido",
    "titulo": "Atualização do Pedido #52",
    "texto": "O seu pedido teve o status alterado para: <strong class='text-black'>Entregue</strong>. Para mais informações, acesse a página de Meus Pedidos.",
    "data_envio": "2025-11-28T02:24:34.317Z",
    "lida": false
  }
},
{
  "model": "powerUp.notificacao",
  "pk": 158,
  "fields": {
    "cliente": 34,
    "categoria": "status_pedido",
    "titulo": "Atualização do Pedido #52",
    "texto": "O seu pedido teve o status alterado para: <strong class='text-black'>Entregue</strong>. Para mais informações, acesse a página de Meus Pedidos.",
    "data_envio": "2025-11-28T02:24:34.320Z",
    "lida": false
  }
},
{
  "model": "powerUp.notificacao",
  "pk": 159,
  "fields": {
    "cliente": 32,
    "categoria": "status_pedido",
    "titulo": "Pedido #53 Realizado!",
    "texto": "Recebemos seu pedido com sucesso. Acesse a página de Meus Pedidos para mais detalhes.",
    "data_envio": "2025-11-28T02:24:34.322Z",
    "lida": false
  }
},
{
  "model": "powerUp.notificacao",
  "pk": 160,
  "fields": {
    "cliente": 32,
    "categoria": "status_pedido",
    "titulo": "Atualização do Pedido #53",
    "texto": "O seu pedido teve o status alterado para: <strong class='text-black'>Entregue</strong>. Para mais informações, acesse a página de Meus Pedidos.",
    "data_envio": "2025-11-28T02:24:34.323Z",
    "lida": false
  }
},
{
  "model": "powerUp.notificacao",
  "pk": 161,
  "fields": {
    "cliente": 32,
    "categoria": "status_pedido",
    "titulo": "Atualização do Pedido #53",
    "texto": "O seu pedido teve o status alterado para: <strong class='text-black'>Entregue</strong>. Para mais informações, acesse a página de Meus Pedidos.",
    "data_envio": "2025-11-28T02:24:34.323Z",
    "lida": false
  }
},
{
  "model": "powerUp.notificacao",
  "pk": 162,
  "fields": {
    "cliente": 18,
    "categoria": "status_pedido",
    "titulo": "Pedido #54 Realizado!",
    "texto": "Recebemos seu pedido com sucesso. Acesse a página de Meus Pedidos para mais detalhes.",
    "data_envio": "2025-11-28T02:24:34.327Z",
    "lida": true
  }
},
{
  "model": "powerUp.notificacao",
  "pk": 163,
  "fields": {
    "cliente": 18,
    "categoria": "status_pedido",
    "titulo": "Atualização do Pedido #54",
    "texto": "O seu pedido teve o status alterado para: <strong class='text-black'>Finalizado</strong>. Para mais informações, acesse a página de Meus Pedidos.",
    "data_envio": "2025-11-28T02:24:34.328Z",
    "lida": true
  }
},
{
  "model": "powerUp.notificacao",
  "pk": 164,
  "fields": {
    "cliente": 18,
    "categoria": "status_pedido",
    "titulo": "Atualização do Pedido #54",
    "texto": "O seu pedido teve o status alterado para: <strong class='text-black'>Finalizado</strong>. Para mais informações, acesse a página de Meus Pedidos.",
    "data_envio": "2025-11-28T02:24:34.330Z",
    "lida": true
  }
},
{
  "model": "powerUp.notificacao",
  "pk": 165,
  "fields": {
    "cliente": 30,
    "categoria": "status_pedido",
    "titulo": "Pedido #55 Realizado!",
    "texto": "Recebemos seu pedido com sucesso. Acesse a página de Meus Pedidos para mais detalhes.",
    "data_envio": "2025-11-28T02:24:34.333Z",
    "lida": false
  }
},
{
  "model": "powerUp.notificacao",
  "pk": 166,
  "fields": {
    "cliente": 30,
    "categoria": "status_pedido",
    "titulo": "Atualização do Pedido #55",
    "texto": "O seu pedido teve o status alterado para: <strong class='text-black'>Processando</strong>. Para mais informações, acesse a página de Meus Pedidos.",
    "data_envio": "2025-11-28T02:24:34.333Z",
    "lida": false
  }
},
{
  "model": "powerUp.notificacao",
  "pk": 167,
  "fields": {
    "cliente": 30,
    "categoria": "status_pedido",
    "titulo": "Atualização do Pedido #55",
    "texto": "O seu pedido teve o status alterado para: <strong class='text-black'>Processando</strong>. Para mais informações, acesse a página de Meus Pedidos.",
    "data_envio": "2025-11-28T02:24:34.336Z",
    "lida": false
  }
},
{
  "model": "powerUp.notificacao",
  "pk": 168,
  "fields": {
    "cliente": 37,
    "categoria": "status_pedido",
    "titulo": "Pedido #56 Realizado!",
    "texto": "Recebemos seu pedido com sucesso. Acesse a página de Meus Pedidos para mais detalhes.",
    "data_envio": "2025-11-28T02:24:34.339Z",
    "lida": false
  }
},
{
  "model": "powerUp.notificacao",
  "pk": 169,
  "fields": {
    "cliente": 37,
    "categoria": "status_pedido",
    "titulo": "Atualização do Pedido #56",
    "texto": "O seu pedido teve o status alterado para: <strong class='text-black'>Enviado</strong>. Para mais informações, acesse a página de Meus Pedidos.",
    "data_envio": "2025-11-28T02:24:34.339Z",
    "lida": false
  }
},
{
  "model": "powerUp.notificacao",
  "pk": 170,
  "fields": {
    "cliente": 37,
    "categoria": "status_pedido",
    "titulo": "Atualização do Pedido #56",
    "texto": "O seu pedido teve o status alterado para: <strong class='text-black'>Enviado</strong>. Para mais informações, acesse a página de Meus Pedidos.",
    "data_envio": "2025-11-28T02:24:34.341Z",
    "lida": false
  }
},
{
  "model": "powerUp.notificacao",
  "pk": 171,
  "fields": {
    "cliente": 30,
    "categoria": "status_pedido",
    "titulo": "Pedido #57 Realizado!",
    "texto": "Recebemos seu pedido com sucesso. Acesse a página de Meus Pedidos para mais detalhes.",
    "data_envio": "2025-11-28T02:24:34.342Z",
    "lida": false
  }
},
{
  "model": "powerUp.notificacao",
  "pk": 172,
  "fields": {
    "cliente": 30,
    "categoria": "status_pedido",
    "titulo": "Atualização do Pedido #57",
    "texto": "O seu pedido teve o status alterado para: <strong class='text-black'>Entregue</strong>. Para mais informações, acesse a página de Meus Pedidos.",
    "data_envio": "2025-11-28T02:24:34.343Z",
    "lida": false
  }
},
{
  "model": "powerUp.notificacao",
  "pk": 173,
  "fields": {
    "cliente": 30,
    "categoria": "status_pedido",
    "titulo": "Atualização do Pedido #57",
    "texto": "O seu pedido teve o status alterado para: <strong class='text-black'>Entregue</strong>. Para mais informações, acesse a página de Meus Pedidos.",
    "data_envio": "2025-11-28T02:24:34.344Z",
    "lida": false
  }
},
{
  "model": "powerUp.notificacao",
  "pk": 174,
  "fields": {
    "cliente": 18,
    "categoria": "status_pedido",
    "titulo": "Pedido #58 Realizado!",
    "texto": "Recebemos seu pedido com sucesso. Acesse a página de Meus Pedidos para mais detalhes.",
    "data_envio": "2025-11-28T02:24:34.344Z",
    "lida": true
  }
},
{
  "model": "powerUp.notificacao",
  "pk": 175,
  "fields": {
    "cliente": 18,
    "categoria": "status_pedido",
    "titulo": "Atualização do Pedido #58",
    "texto": "O seu pedido teve o status alterado para: <strong class='text-black'>Finalizado</strong>. Para mais informações, acesse a página de Meus Pedidos.",
    "data_envio": "2025-11-28T02:24:34.344Z",
    "lida": true
  }
},
{
  "model": "powerUp.notificacao",
  "pk": 176,
  "fields": {
    "cliente": 18,
    "categoria": "status_pedido",
    "titulo": "Atualização do Pedido #58",
    "texto": "O seu pedido teve o status alterado para: <strong class='text-black'>Finalizado</strong>. Para mais informações, acesse a página de Meus Pedidos.",
    "data_envio": "2025-11-28T02:24:34.344Z",
    "lida": true
  }
},
{
  "model": "powerUp.notificacao",
  "pk": 177,
  "fields": {
    "cliente": 18,
    "categoria": "status_pedido",
    "titulo": "Pedido #59 Realizado!",
    "texto": "Recebemos seu pedido com sucesso. Acesse a página de Meus Pedidos para mais detalhes.",
    "data_envio": "2025-11-28T02:24:34.352Z",
    "lida": true
  }
},
{
  "model": "powerUp.notificacao",
  "pk": 178,
  "fields": {
    "cliente": 18,
    "categoria": "status_pedido",
    "titulo": "Atualização do Pedido #59",
    "texto": "O seu pedido teve o status alterado para: <strong class='text-black'>Processando</strong>. Para mais informações, acesse a página de Meus Pedidos.",
    "data_envio": "2025-11-28T02:24:34.352Z",
    "lida": true
  }
},
{
  "model": "powerUp.notificacao",
  "pk": 179,
  "fields": {
    "cliente": 18,
    "categoria": "status_pedido",
    "titulo": "Atualização do Pedido #59",
    "texto": "O seu pedido teve o status alterado para: <strong class='text-black'>Processando</strong>. Para mais informações, acesse a página de Meus Pedidos.",
    "data_envio": "2025-11-28T02:24:34.356Z",
    "lida": true
  }
},
{
  "model": "powerUp.notificacao",
  "pk": 180,
  "fields": {
    "cliente": 31,
    "categoria": "status_pedido",
    "titulo": "Pedido #60 Realizado!",
    "texto": "Recebemos seu pedido com sucesso. Acesse a página de Meus Pedidos para mais detalhes.",
    "data_envio": "2025-11-28T02:24:34.356Z",
    "lida": false
  }
},
{
  "model": "powerUp.notificacao",
  "pk": 181,
  "fields": {
    "cliente": 31,
    "categoria": "status_pedido",
    "titulo": "Atualização do Pedido #60",
    "texto": "O seu pedido teve o status alterado para: <strong class='text-black'>Cancelado</strong>. Para mais informações, acesse a página de Meus Pedidos.",
    "data_envio": "2025-11-28T02:24:34.356Z",
    "lida": false
  }
},
{
  "model": "powerUp.notificacao",
  "pk": 182,
  "fields": {
    "cliente": 31,
    "categoria": "status_pedido",
    "titulo": "Atualização do Pedido #60",
    "texto": "O seu pedido teve o status alterado para: <strong class='text-black'>Cancelado</strong>. Para mais informações, acesse a página de Meus Pedidos.",
    "data_envio": "2025-11-28T02:24:34.356Z",
    "lida": false
  }
},
{
  "model": "powerUp.notificacao",
  "pk": 183,
  "fields": {
    "cliente": 40,
    "categoria": "mensagem_personalizada",
    "titulo": "Bem-vindo à PowerUp!",
    "texto": "Olá, Admin! Estamos muito felizes em ter você aqui.",
    "data_envio": "2026-02-06T15:27:33.998Z",
    "lida": false
  }
},
{
  "model": "powerUp.avaliacaoproduto",
  "pk": 1,
  "fields": {
    "nota": 5,
    "data_avaliacao": "2025-11-05T01:43:23.529Z",
    "cliente": 18,
    "produto": 9
  }
},
{
  "model": "powerUp.avaliacaoproduto",
  "pk": 2,
  "fields": {
    "nota": 5,
    "data_avaliacao": "2025-11-07T02:24:34.104Z",
    "cliente": 38,
    "produto": 13
  }
},
{
  "model": "powerUp.avaliacaoproduto",
  "pk": 3,
  "fields": {
    "nota": 5,
    "data_avaliacao": "2025-11-05T02:24:34.104Z",
    "cliente": 38,
    "produto": 21
  }
},
{
  "model": "powerUp.avaliacaoproduto",
  "pk": 4,
  "fields": {
    "nota": 5,
    "data_avaliacao": "2025-11-09T02:24:34.104Z",
    "cliente": 38,
    "produto": 22
  }
},
{
  "model": "powerUp.avaliacaoproduto",
  "pk": 5,
  "fields": {
    "nota": 1,
    "data_avaliacao": "2025-11-25T02:24:34.110Z",
    "cliente": 32,
    "produto": 3
  }
},
{
  "model": "powerUp.avaliacaoproduto",
  "pk": 6,
  "fields": {
    "nota": 5,
    "data_avaliacao": "2025-11-19T02:24:34.110Z",
    "cliente": 32,
    "produto": 10
  }
},
{
  "model": "powerUp.avaliacaoproduto",
  "pk": 7,
  "fields": {
    "nota": 5,
    "data_avaliacao": "2025-10-07T02:24:34.130Z",
    "cliente": 38,
    "produto": 2
  }
},
{
  "model": "powerUp.avaliacaoproduto",
  "pk": 8,
  "fields": {
    "nota": 2,
    "data_avaliacao": "2025-10-06T02:24:34.130Z",
    "cliente": 38,
    "produto": 10
  }
},
{
  "model": "powerUp.avaliacaoproduto",
  "pk": 9,
  "fields": {
    "nota": 5,
    "data_avaliacao": "2025-11-03T02:24:34.150Z",
    "cliente": 31,
    "produto": 1
  }
},
{
  "model": "powerUp.avaliacaoproduto",
  "pk": 10,
  "fields": {
    "nota": 5,
    "data_avaliacao": "2025-11-12T02:24:34.150Z",
    "cliente": 31,
    "produto": 8
  }
},
{
  "model": "powerUp.avaliacaoproduto",
  "pk": 11,
  "fields": {
    "nota": 5,
    "data_avaliacao": "2025-11-05T02:24:34.150Z",
    "cliente": 31,
    "produto": 12
  }
},
{
  "model": "powerUp.avaliacaoproduto",
  "pk": 12,
  "fields": {
    "nota": 5,
    "data_avaliacao": "2025-11-03T02:24:34.150Z",
    "cliente": 31,
    "produto": 24
  }
},
{
  "model": "powerUp.avaliacaoproduto",
  "pk": 13,
  "fields": {
    "nota": 5,
    "data_avaliacao": "2025-11-25T02:24:34.157Z",
    "cliente": 34,
    "produto": 24
  }
},
{
  "model": "powerUp.avaliacaoproduto",
  "pk": 14,
  "fields": {
    "nota": 4,
    "data_avaliacao": "2025-11-22T02:24:34.157Z",
    "cliente": 34,
    "produto": 19
  }
},
{
  "model": "powerUp.avaliacaoproduto",
  "pk": 15,
  "fields": {
    "nota": 5,
    "data_avaliacao": "2025-10-28T02:24:34.166Z",
    "cliente": 36,
    "produto": 12
  }
},
{
  "model": "powerUp.avaliacaoproduto",
  "pk": 16,
  "fields": {
    "nota": 4,
    "data_avaliacao": "2025-10-25T02:24:34.166Z",
    "cliente": 36,
    "produto": 21
  }
},
{
  "model": "powerUp.avaliacaoproduto",
  "pk": 17,
  "fields": {
    "nota": 5,
    "data_avaliacao": "2025-11-17T02:24:34.171Z",
    "cliente": 9,
    "produto": 4
  }
},
{
  "model": "powerUp.avaliacaoproduto",
  "pk": 18,
  "fields": {
    "nota": 2,
    "data_avaliacao": "2025-11-29T02:24:34.176Z",
    "cliente": 35,
    "produto": 16
  }
},
{
  "model": "powerUp.avaliacaoproduto",
  "pk": 19,
  "fields": {
    "nota": 2,
    "data_avaliacao": "2025-12-05T02:24:34.176Z",
    "cliente": 35,
    "produto": 14
  }
},
{
  "model": "powerUp.avaliacaoproduto",
  "pk": 20,
  "fields": {
    "nota": 5,
    "data_avaliacao": "2025-11-12T02:24:34.183Z",
    "cliente": 34,
    "produto": 9
  }
},
{
  "model": "powerUp.avaliacaoproduto",
  "pk": 21,
  "fields": {
    "nota": 5,
    "data_avaliacao": "2025-12-10T02:24:34.201Z",
    "cliente": 30,
    "produto": 11
  }
},
{
  "model": "powerUp.avaliacaoproduto",
  "pk": 22,
  "fields": {
    "nota": 1,
    "data_avaliacao": "2025-12-07T02:24:34.201Z",
    "cliente": 30,
    "produto": 23
  }
},
{
  "model": "powerUp.avaliacaoproduto",
  "pk": 23,
  "fields": {
    "nota": 4,
    "data_avaliacao": "2025-10-18T02:24:34.211Z",
    "cliente": 33,
    "produto": 3
  }
},
{
  "model": "powerUp.avaliacaoproduto",
  "pk": 24,
  "fields": {
    "nota": 3,
    "data_avaliacao": "2025-10-23T02:24:34.211Z",
    "cliente": 33,
    "produto": 5
  }
},
{
  "model": "powerUp.avaliacaoproduto",
  "pk": 25,
  "fields": {
    "nota": 5,
    "data_avaliacao": "2025-11-07T02:24:34.240Z",
    "cliente": 30,
    "produto": 4
  }
},
{
  "model": "powerUp.avaliacaoproduto",
  "pk": 26,
  "fields": {
    "nota": 4,
    "data_avaliacao": "2025-11-06T02:24:34.269Z",
    "cliente": 9,
    "produto": 25
  }
},
{
  "model": "powerUp.avaliacaoproduto",
  "pk": 27,
  "fields": {
    "nota": 5,
    "data_avaliacao": "2025-11-02T02:24:34.269Z",
    "cliente": 9,
    "produto": 21
  }
},
{
  "model": "powerUp.avaliacaoproduto",
  "pk": 28,
  "fields": {
    "nota": 5,
    "data_avaliacao": "2025-10-16T02:24:34.275Z",
    "cliente": 32,
    "produto": 5
  }
},
{
  "model": "powerUp.avaliacaoproduto",
  "pk": 29,
  "fields": {
    "nota": 5,
    "data_avaliacao": "2025-10-16T02:24:34.275Z",
    "cliente": 32,
    "produto": 15
  }
},
{
  "model": "powerUp.avaliacaoproduto",
  "pk": 30,
  "fields": {
    "nota": 4,
    "data_avaliacao": "2025-11-07T02:24:34.281Z",
    "cliente": 32,
    "produto": 20
  }
},
{
  "model": "powerUp.avaliacaoproduto",
  "pk": 31,
  "fields": {
    "nota": 5,
    "data_avaliacao": "2025-11-14T02:24:34.281Z",
    "cliente": 32,
    "produto": 9
  }
},
{
  "model": "powerUp.avaliacaoproduto",
  "pk": 32,
  "fields": {
    "nota": 3,
    "data_avaliacao": "2025-11-09T02:24:34.327Z",
    "cliente": 18,
    "produto": 25
  }
},
{
  "model": "powerUp.avaliacaoproduto",
  "pk": 34,
  "fields": {
    "nota": 3,
    "data_avaliacao": "2025-12-02T02:59:33.911Z",
    "cliente": 18,
    "produto": 3
  }
}
]
